Ponto,Amostra,SSID1,RSSI1,SSID2,RSSI2,SSID3,RSSI3,SSID4,RSSI4,SSID5,RSSI5,SSID6,RSSI6,SSID7,RSSI7,SSID8,RSSI8,SSID9,RSSI9,SSID10,RSSI10
TP1,1,CETELI_WIFI,-68,CETELI_P&D,-68,VISITANTE_CETELI,-69,CETELI_TREINAMENTOS,-69,wifi-zone-ufam-1,-70,eduroam,-71,dlink-9A00,-78,TPV,-80,BRITO_AP,-81,S80,-84
TP1,2,CETELI_WIFI,-67,CETELI_TREINAMENTOS,-67,CETELI_P&D,-67,VISITANTE_CETELI,-68,eduroam,-69,wifi-zone-ufam-1,-69,TPV,-79,dlink-9A00,-79,Lab-Materiais,-82,S80,-83
TP1,3,CETELI_WIFI,-67,VISITANTE_CETELI,-68,CETELI_TREINAMENTOS,-68,dlink-9A00,-69,eduroam,-70,wifi-zone-ufam-1,-70,CETELI_P&D,-70,TPV,-78,S80,-82,Lab-Materiais,-83
TP1,4,CETELI_P&D,-67,CETELI_WIFI,-68,eduroam,-69,wifi-zone-ufam-1,-69,VISITANTE_CETELI,-69,CETELI_TREINAMENTOS,-69,dlink-9A00,-73,TPV,-78,Lab-Materiais,-82,S80,-84
TP1,5,CETELI_WIFI,-69,VISITANTE_CETELI,-69,CETELI_TREINAMENTOS,-69,CETELI_P&D,-69,eduroam,-70,wifi-zone-ufam-1,-70,TPV,-73,dlink-9A00,-74,lpmc_ft,-79,Lab-Materiais,-81
TP1,6,dlink-9A00,-69,VISITANTE_CETELI,-69,CETELI_TREINAMENTOS,-69,CETELI_WIFI,-69,CETELI_P&D,-69,eduroam,-70,wifi-zone-ufam-1,-70,lpmc_ft,-78,TPV,-78,Lab-Materiais,-82
TP1,7,dlink-9A00,-69,CETELI_TREINAMENTOS,-69,CETELI_WIFI,-69,CETELI_P&D,-69,eduroam,-70,wifi-zone-ufam-1,-70,VISITANTE_CETELI,-70,TPV,-76,lpmc_ft,-78,Lab-Materiais,-82
TP1,8,CETELI_WIFI,-69,CETELI_TREINAMENTOS,-69,eduroam,-70,wifi-zone-ufam-1,-70,dlink-9A00,-70,VISITANTE_CETELI,-70,CETELI_P&D,-71,TPV,-76,lpmc_ft,-78,S80,-83
TP1,9,wifi-zone-ufam-1,-69,CETELI_WIFI,-69,eduroam,-70,VISITANTE_CETELI,-70,CETELI_TREINAMENTOS,-70,CETELI_P&D,-70,TPV,-77,S80,-78,dlink-9A00,-79,Lab-Materiais,-82
TP1,10,dlink-9A00,-68,eduroam,-69,wifi-zone-ufam-1,-69,CETELI_WIFI,-69,VISITANTE_CETELI,-70,CETELI_TREINAMENTOS,-70,CETELI_P&D,-70,TPV,-77,lpmc_ft,-81,S80,-82
TP1,11,eduroam,-69,wifi-zone-ufam-1,-69,dlink-9A00,-69,VISITANTE_CETELI,-69,CETELI_WIFI,-70,CETELI_TREINAMENTOS,-70,CETELI_P&D,-70,lpmc_ft,-81,Lab-Materiais,-83,S80,-83
TP1,12,VISITANTE_CETELI,-68,CETELI_TREINAMENTOS,-68,CETELI_P&D,-68,eduroam,-69,wifi-zone-ufam-1,-69,CETELI_WIFI,-69,TPV,-76,lpmc_ft,-78,dlink-9A00,-79,Lab-Materiais,-82
TP1,13,eduroam,-69,CETELI_WIFI,-69,VISITANTE_CETELI,-69,CETELI_TREINAMENTOS,-69,CETELI_P&D,-69,wifi-zone-ufam-1,-70,TPV,-76,dlink-9A00,-79,lpmc_ft,-80,BRITO_AP,-83
TP1,14,eduroam,-69,wifi-zone-ufam-1,-69,VISITANTE_CETELI,-70,CETELI_TREINAMENTOS,-70,CETELI_WIFI,-70,CETELI_P&D,-70,TPV,-76,dlink-9A00,-77,BRITO_AP,-82,Lab-Materiais,-83
TP1,15,CETELI_WIFI,-68,CETELI_P&D,-69,eduroam,-70,wifi-zone-ufam-1,-70,VISITANTE_CETELI,-70,CETELI_TREINAMENTOS,-70,TPV,-77,dlink-9A00,-79,Lab-Materiais,-81,lpmc_ft,-81
TP1,16,CETELI_P&D,-68,dlink-9A00,-69,VISITANTE_CETELI,-69,CETELI_TREINAMENTOS,-69,CETELI_WIFI,-69,eduroam,-70,wifi-zone-ufam-1,-70,TPV,-77,S80,-82,Lab-Materiais,-84
TP1,17,VISITANTE_CETELI,-68,eduroam,-69,dlink-9A00,-69,CETELI_WIFI,-69,CETELI_TREINAMENTOS,-69,CETELI_P&D,-69,wifi-zone-ufam-1,-70,TPV,-77,BRITO_AP,-82,Lab-Materiais,-82
TP1,18,dlink-9A00,-69,CETELI_WIFI,-69,CETELI_P&D,-69,eduroam,-70,wifi-zone-ufam-1,-70,VISITANTE_CETELI,-70,CETELI_TREINAMENTOS,-70,TPV,-76,Lab-Materiais,-82,lpmc_ft,-82
TP1,19,eduroam,-69,wifi-zone-ufam-1,-70,CETELI_WIFI,-70,VISITANTE_CETELI,-70,CETELI_P&D,-71,CETELI_TREINAMENTOS,-72,TPV,-77,dlink-9A00,-78,Lab-Materiais,-81,BRITO_AP,-83
TP1,20,dlink-9A00,-69,eduroam,-70,wifi-zone-ufam-1,-70,CETELI_WIFI,-70,VISITANTE_CETELI,-70,CETELI_TREINAMENTOS,-71,CETELI_P&D,-71,TPV,-76,lpmc_ft,-80,S80,-82
TP1,21,dlink-9A00,-69,CETELI_P&D,-69,VISITANTE_CETELI,-69,CETELI_TREINAMENTOS,-69,eduroam,-70,wifi-zone-ufam-1,-70,CETELI_WIFI,-70,TPV,-77,lpmc_ft,-83,S80,-83
TP1,22,CETELI_P&D,-68,CETELI_WIFI,-69,CETELI_TREINAMENTOS,-69,eduroam,-70,wifi-zone-ufam-1,-70,VISITANTE_CETELI,-70,dlink-9A00,-71,TPV,-78,lpmc_ft,-80,S80,-81
TP1,23,CETELI_WIFI,-69,VISITANTE_CETELI,-69,CETELI_TREINAMENTOS,-69,CETELI_P&D,-69,eduroam,-70,wifi-zone-ufam-1,-70,TPV,-77,dlink-9A00,-78,lpmc_ft,-81,Lab-Materiais,-82
TP1,24,eduroam,-70,wifi-zone-ufam-1,-70,dlink-9A00,-70,VISITANTE_CETELI,-70,CETELI_TREINAMENTOS,-70,CETELI_P&D,-70,CETELI_WIFI,-71,TPV,-77,Lab-Materiais,-78,lpmc_ft,-80
TP1,25,CETELI_TREINAMENTOS,-69,eduroam,-70,wifi-zone-ufam-1,-70,VISITANTE_CETELI,-70,CETELI_WIFI,-70,CETELI_P&D,-70,TPV,-78,dlink-9A00,-78,lpmc_ft,-80,Lab-Materiais,-82
TP1,26,CETELI_WIFI,-69,VISITANTE_CETELI,-69,CETELI_TREINAMENTOS,-69,eduroam,-70,wifi-zone-ufam-1,-70,dlink-9A00,-70,CETELI_P&D,-70,lpmc_ft,-77,TPV,-77,S80,-82
TP1,27,CETELI_WIFI,-69,CETELI_TREINAMENTOS,-69,CETELI_P&D,-69,eduroam,-70,wifi-zone-ufam-1,-70,VISITANTE_CETELI,-70,TPV,-77,dlink-9A00,-79,S80,-82,lpmc_ft,-83
TP1,28,VISITANTE_CETELI,-69,CETELI_TREINAMENTOS,-69,CETELI_P&D,-69,eduroam,-70,wifi-zone-ufam-1,-70,CETELI_WIFI,-70,TPV,-78,lpmc_ft,-81,Lab-Materiais,-83,S80,-83
TP1,29,CETELI_WIFI,-69,CETELI_P&D,-69,eduroam,-70,wifi-zone-ufam-1,-70,dlink-9A00,-70,VISITANTE_CETELI,-70,CETELI_TREINAMENTOS,-73,TPV,-77,lpmc_ft,-81,S80,-83
TP1,30,CETELI_WIFI,-69,VISITANTE_CETELI,-69,CETELI_TREINAMENTOS,-69,CETELI_P&D,-69,wifi-zone-ufam-1,-70,eduroam,-71,TPV,-77,dlink-9A00,-78,S80,-83,Lab-Materiais,-84
TP1,31,CETELI_WIFI,-69,VISITANTE_CETELI,-69,CETELI_TREINAMENTOS,-69,CETELI_P&D,-69,eduroam,-70,wifi-zone-ufam-1,-70,dlink-9A00,-70,TPV,-77,Lab-Materiais,-82,S80,-82
TP1,32,dlink-9A00,-69,VISITANTE_CETELI,-69,CETELI_P&D,-69,eduroam,-70,wifi-zone-ufam-1,-70,CETELI_WIFI,-70,CETELI_TREINAMENTOS,-70,TPV,-77,lpmc_ft,-79,Lab-Materiais,-82
TP1,33,VISITANTE_CETELI,-68,CETELI_TREINAMENTOS,-68,CETELI_WIFI,-68,wifi-zone-ufam-1,-69,CETELI_P&D,-69,eduroam,-70,TPV,-72,lpmc_ft,-82,Lab-Materiais,-83,S80,-83
TP1,34,CETELI_WIFI,-68,CETELI_TREINAMENTOS,-68,CETELI_P&D,-68,eduroam,-70,wifi-zone-ufam-1,-70,dlink-9A00,-70,VISITANTE_CETELI,-71,TPV,-77,Lab-Materiais,-82,lpmc_ft,-82
TP1,35,eduroam,-70,wifi-zone-ufam-1,-70,CETELI_WIFI,-70,VISITANTE_CETELI,-70,CETELI_TREINAMENTOS,-70,CETELI_P&D,-70,TPV,-77,Lab-Materiais,-81,S80,-82,BRITO_AP,-84
TP1,36,VISITANTE_CETELI,-69,CETELI_TREINAMENTOS,-69,eduroam,-70,wifi-zone-ufam-1,-70,CETELI_P&D,-70,CETELI_WIFI,-71,TPV,-77,Lab-Materiais,-82,lpmc_ft,-82,S80,-83
TP1,37,CETELI_WIFI,-68,VISITANTE_CETELI,-68,CETELI_P&D,-68,eduroam,-69,wifi-zone-ufam-1,-69,dlink-9A00,-69,CETELI_TREINAMENTOS,-69,TPV,-77,lpmc_ft,-82,Lab-Materiais,-83
TP1,38,CETELI_TREINAMENTOS,-68,dlink-9A00,-69,VISITANTE_CETELI,-69,CETELI_P&D,-69,eduroam,-70,wifi-zone-ufam-1,-70,CETELI_WIFI,-70,TPV,-77,lpmc_ft,-78,Lab-Materiais,-82
TP1,39,wifi-zone-ufam-1,-69,dlink-9A00,-69,VISITANTE_CETELI,-69,CETELI_TREINAMENTOS,-69,CETELI_P&D,-69,eduroam,-70,CETELI_WIFI,-70,TPV,-77,lpmc_ft,-78,Lab-Materiais,-81
TP1,40,wifi-zone-ufam-1,-69,dlink-9A00,-69,VISITANTE_CETELI,-69,CETELI_TREINAMENTOS,-69,CETELI_P&D,-69,eduroam,-70,CETELI_WIFI,-70,TPV,-76,Lab-Materiais,-81,lpmc_ft,-82
TP1,41,eduroam,-70,wifi-zone-ufam-1,-70,VISITANTE_CETELI,-70,CETELI_TREINAMENTOS,-70,CETELI_WIFI,-70,CETELI_P&D,-72,TPV,-78,dlink-9A00,-79,Lab-Materiais,-81,lpmc_ft,-81
TP1,42,CETELI_P&D,-67,VISITANTE_CETELI,-69,eduroam,-70,wifi-zone-ufam-1,-70,dlink-9A00,-70,CETELI_WIFI,-70,CETELI_TREINAMENTOS,-70,TPV,-77,lpmc_ft,-80,S80,-83
TP1,43,CETELI_WIFI,-68,VISITANTE_CETELI,-68,wifi-zone-ufam-1,-69,CETELI_TREINAMENTOS,-69,CETELI_P&D,-69,eduroam,-70,TPV,-76,lpmc_ft,-78,Lab-Materiais,-83,IoT-zone-ufam,-84
TP1,44,eduroam,-69,wifi-zone-ufam-1,-69,CETELI_WIFI,-69,VISITANTE_CETELI,-70,CETELI_TREINAMENTOS,-70,CETELI_P&D,-70,TPV,-73,Lab-Materiais,-79,dlink-9A00,-80,S80,-82
TP1,45,wifi-zone-ufam-1,-67,eduroam,-68,CETELI_P&D,-69,dlink-9A00,-70,CETELI_WIFI,-70,VISITANTE_CETELI,-70,CETELI_TREINAMENTOS,-71,TPV,-76,lpmc_ft,-80,Lab-Materiais,-83
TP1,46,eduroam,-66,wifi-zone-ufam-1,-66,CETELI_P&D,-69,CETELI_TREINAMENTOS,-70,CETELI_WIFI,-71,VISITANTE_CETELI,-71,TPV,-76,dlink-9A00,-76,lpmc_ft,-80,Lab-Materiais,-83
TP1,47,eduroam,-69,wifi-zone-ufam-1,-69,dlink-9A00,-69,CETELI_TREINAMENTOS,-70,CETELI_WIFI,-71,CETELI_P&D,-71,VISITANTE_CETELI,-72,lpmc_ft,-77,TPV,-77,Lab-Materiais,-83
TP1,48,CETELI_WIFI,-69,CETELI_P&D,-69,VISITANTE_CETELI,-69,CETELI_TREINAMENTOS,-70,wifi-zone-ufam-1,-71,eduroam,-72,TPV,-76,dlink-9A00,-80,Lab-Materiais,-83,lpmc_ft,-83
TP1,49,eduroam,-68,wifi-zone-ufam-1,-68,CETELI_WIFI,-70,VISITANTE_CETELI,-70,CETELI_P&D,-70,CETELI_TREINAMENTOS,-72,dlink-9A00,-76,TPV,-78,lpmc_ft,-82,Lab-Materiais,-83
TP1,50,dlink-9A00,-69,VISITANTE_CETELI,-69,CETELI_TREINAMENTOS,-69,CETELI_P&D,-69,wifi-zone-ufam-1,-70,CETELI_WIFI,-70,eduroam,-71,TPV,-77,lpmc_ft,-78,S80,-82
TP1,51,CETELI_WIFI,-69,VISITANTE_CETELI,-69,CETELI_TREINAMENTOS,-69,wifi-zone-ufam-1,-70,eduroam,-70,dlink-9A00,-70,CETELI_P&D,-70,TPV,-79,lpmc_ft,-81,S80,-82
TP1,52,eduroam,-70,wifi-zone-ufam-1,-70,dlink-9A00,-70,CETELI_WIFI,-70,VISITANTE_CETELI,-70,CETELI_TREINAMENTOS,-70,CETELI_P&D,-71,TPV,-78,lpmc_ft,-81,Lab-Materiais,-82
TP1,53,dlink-9A00,-69,eduroam,-70,wifi-zone-ufam-1,-70,CETELI_WIFI,-70,CETELI_TREINAMENTOS,-70,CETELI_P&D,-70,VISITANTE_CETELI,-71,TPV,-78,lpmc_ft,-82,S80,-82
TP1,54,CETELI_TREINAMENTOS,-68,eduroam,-69,wifi-zone-ufam-1,-70,CETELI_WIFI,-70,VISITANTE_CETELI,-70,CETELI_P&D,-70,TPV,-78,dlink-9A00,-80,lpmc_ft,-82,Lab-Materiais,-83
TP1,55,eduroam,-70,wifi-zone-ufam-1,-70,dlink-9A00,-70,CETELI_WIFI,-70,CETELI_TREINAMENTOS,-70,CETELI_P&D,-70,VISITANTE_CETELI,-71,TPV,-76,lpmc_ft,-79,Lab-Materiais,-82
TP1,56,eduroam,-70,wifi-zone-ufam-1,-70,dlink-9A00,-70,CETELI_WIFI,-70,VISITANTE_CETELI,-70,CETELI_TREINAMENTOS,-70,CETELI_P&D,-70,TPV,-77,Lab-Materiais,-81,lpmc_ft,-81
TP1,57,eduroam,-70,wifi-zone-ufam-1,-70,dlink-9A00,-70,VISITANTE_CETELI,-70,CETELI_TREINAMENTOS,-70,CETELI_P&D,-70,CETELI_WIFI,-72,TPV,-77,lpmc_ft,-81,S80,-82
TP1,58,eduroam,-70,wifi-zone-ufam-1,-70,dlink-9A00,-70,CETELI_WIFI,-70,VISITANTE_CETELI,-70,CETELI_TREINAMENTOS,-70,CETELI_P&D,-70,TPV,-75,Lab-Materiais,-82,lpmc_ft,-82
TP1,59,eduroam,-69,wifi-zone-ufam-1,-69,CETELI_P&D,-69,CETELI_WIFI,-70,VISITANTE_CETELI,-70,CETELI_TREINAMENTOS,-70,TPV,-77,dlink-9A00,-79,Lab-Materiais,-83,lpmc_ft,-85
TP1,60,wifi-zone-ufam-1,-69,eduroam,-69,CETELI_WIFI,-70,VISITANTE_CETELI,-70,CETELI_TREINAMENTOS,-70,CETELI_P&D,-70,TPV,-77,Lab-Materiais,-82,lpmc_ft,-82,S80,-84
TP1,61,eduroam,-69,VISITANTE_CETELI,-69,CETELI_TREINAMENTOS,-69,CETELI_WIFI,-69,CETELI_P&D,-69,wifi-zone-ufam-1,-70,TPV,-77,dlink-9A00,-79,lpmc_ft,-81,BRITO_AP,-82
TP1,62,eduroam,-69,wifi-zone-ufam-1,-69,VISITANTE_CETELI,-69,CETELI_TREINAMENTOS,-69,CETELI_P&D,-69,dlink-9A00,-70,CETELI_WIFI,-70,TPV,-77,lpmc_ft,-82,S80,-82
TP1,63,eduroam,-69,wifi-zone-ufam-1,-69,dlink-9A00,-69,CETELI_WIFI,-70,VISITANTE_CETELI,-70,CETELI_P&D,-70,CETELI_TREINAMENTOS,-72,TPV,-78,lpmc_ft,-79,Lab-Materiais,-82
TP1,64,wifi-zone-ufam-1,-69,dlink-9A00,-69,CETELI_TREINAMENTOS,-69,eduroam,-70,CETELI_WIFI,-70,VISITANTE_CETELI,-70,CETELI_P&D,-70,TPV,-76,Lab-Materiais,-81,lpmc_ft,-81
TP1,65,eduroam,-68,wifi-zone-ufam-1,-68,CETELI_WIFI,-69,VISITANTE_CETELI,-69,CETELI_P&D,-69,CETELI_TREINAMENTOS,-70,TPV,-76,lpmc_ft,-79,dlink-9A00,-79,Lab-Materiais,-82
TP1,66,eduroam,-69,wifi-zone-ufam-1,-69,CETELI_TREINAMENTOS,-74,CETELI_WIFI,-74,CETELI_P&D,-74,VISITANTE_CETELI,-74,TPV,-78,lpmc_ft,-84,Lab-Materiais,-85,IoT-zone-ufam,-85
TP1,67,CETELI_WIFI,-68,VISITANTE_CETELI,-68,CETELI_TREINAMENTOS,-68,eduroam,-69,wifi-zone-ufam-1,-69,CETELI_P&D,-69,dlink-9A00,-70,TPV,-78,lpmc_ft,-79,Lab-Materiais,-81
TP1,68,eduroam,-69,wifi-zone-ufam-1,-69,VISITANTE_CETELI,-69,CETELI_TREINAMENTOS,-69,CETELI_P&D,-69,dlink-9A00,-70,CETELI_WIFI,-70,TPV,-77,lpmc_ft,-79,Lab-Materiais,-81
TP1,69,eduroam,-69,wifi-zone-ufam-1,-69,dlink-9A00,-69,CETELI_WIFI,-71,VISITANTE_CETELI,-71,CETELI_TREINAMENTOS,-71,CETELI_P&D,-71,TPV,-76,lpmc_ft,-80,Lab-Materiais,-83
TP1,70,dlink-9A00,-67,wifi-zone-ufam-1,-69,eduroam,-70,CETELI_P&D,-71,CETELI_WIFI,-72,VISITANTE_CETELI,-72,CETELI_TREINAMENTOS,-72,TPV,-78,S80,-79,lpmc_ft,-80
TP1,71,VISITANTE_CETELI,-67,CETELI_WIFI,-68,CETELI_TREINAMENTOS,-68,CETELI_P&D,-68,eduroam,-69,wifi-zone-ufam-1,-69,Lab-Materiais,-82,S80,-83,IoT-zone-ufam,-85,BRITO_AP,-88
TP1,72,wifi-zone-ufam-1,-69,eduroam,-69,VISITANTE_CETELI,-71,CETELI_TREINAMENTOS,-71,CETELI_WIFI,-71,CETELI_P&D,-71,TPV,-78,lpmc_ft,-80,Lab-Materiais,-82,BRITO_AP,-85
TP1,73,eduroam,-69,wifi-zone-ufam-1,-69,VISITANTE_CETELI,-70,CETELI_TREINAMENTOS,-70,CETELI_WIFI,-70,CETELI_P&D,-70,dlink-9A00,-75,TPV,-77,lpmc_ft,-80,Lab-Materiais,-82
TP1,74,eduroam,-69,wifi-zone-ufam-1,-69,VISITANTE_CETELI,-69,CETELI_WIFI,-69,CETELI_TREINAMENTOS,-70,CETELI_P&D,-70,TPV,-77,dlink-9A00,-79,Lab-Materiais,-82,S80,-84
TP1,75,CETELI_P&D,-69,eduroam,-70,wifi-zone-ufam-1,-70,VISITANTE_CETELI,-70,CETELI_TREINAMENTOS,-70,CETELI_WIFI,-70,TPV,-73,dlink-9A00,-79,lpmc_ft,-81,Lab-Materiais,-82
TP1,76,CETELI_WIFI,-66,VISITANTE_CETELI,-66,CETELI_TREINAMENTOS,-66,CETELI_P&D,-67,eduroam,-69,wifi-zone-ufam-1,-69,TPV,-76,dlink-9A00,-77,lpmc_ft,-81,Lab-Materiais,-83
TP1,77,eduroam,-69,wifi-zone-ufam-1,-69,VISITANTE_CETELI,-69,CETELI_TREINAMENTOS,-69,CETELI_WIFI,-70,CETELI_P&D,-70,TPV,-76,dlink-9A00,-77,Lab-Materiais,-81,lpmc_ft,-82
TP1,78,eduroam,-68,wifi-zone-ufam-1,-69,dlink-9A00,-69,VISITANTE_CETELI,-69,CETELI_TREINAMENTOS,-72,CETELI_WIFI,-72,CETELI_P&D,-72,lpmc_ft,-77,TPV,-77,S80,-83
TP1,79,eduroam,-67,wifi-zone-ufam-1,-67,dlink-9A00,-70,VISITANTE_CETELI,-70,CETELI_TREINAMENTOS,-70,CETELI_WIFI,-70,CETELI_P&D,-70,TPV,-76,lpmc_ft,-77,Lab-Materiais,-79
TP1,80,VISITANTE_CETELI,-68,CETELI_TREINAMENTOS,-68,eduroam,-69,wifi-zone-ufam-1,-69,CETELI_WIFI,-69,CETELI_P&D,-69,TPV,-76,dlink-9A00,-78,lpmc_ft,-81,S80,-83
TP1,81,eduroam,-70,wifi-zone-ufam-1,-70,CETELI_WIFI,-71,VISITANTE_CETELI,-71,CETELI_TREINAMENTOS,-71,CETELI_P&D,-71,TPV,-77,dlink-9A00,-78,Lab-Materiais,-80,lpmc_ft,-80
TP1,82,eduroam,-69,wifi-zone-ufam-1,-69,dlink-9A00,-69,CETELI_WIFI,-69,VISITANTE_CETELI,-70,CETELI_TREINAMENTOS,-70,CETELI_P&D,-70,TPV,-77,lpmc_ft,-81,Lab-Materiais,-82
TP1,83,eduroam,-67,wifi-zone-ufam-1,-67,VISITANTE_CETELI,-70,CETELI_WIFI,-71,CETELI_P&D,-71,CETELI_TREINAMENTOS,-72,TPV,-76,dlink-9A00,-77,lpmc_ft,-81,BRITO_AP,-82
TP1,84,VISITANTE_CETELI,-66,CETELI_TREINAMENTOS,-66,CETELI_WIFI,-66,CETELI_P&D,-66,eduroam,-69,wifi-zone-ufam-1,-69,TPV,-78,dlink-9A00,-79,Lab-Materiais,-80,lpmc_ft,-80
TP1,85,eduroam,-66,wifi-zone-ufam-1,-66,VISITANTE_CETELI,-69,CETELI_TREINAMENTOS,-69,CETELI_WIFI,-69,dlink-9A00,-70,CETELI_P&D,-70,TPV,-77,S80,-78,Lab-Materiais,-81
TP1,86,eduroam,-68,wifi-zone-ufam-1,-68,CETELI_P&D,-69,CETELI_WIFI,-70,VISITANTE_CETELI,-70,CETELI_TREINAMENTOS,-70,TPV,-77,Lab-Materiais,-81,lpmc_ft,-82,S80,-83
TP1,87,wifi-zone-ufam-1,-69,CETELI_WIFI,-69,VISITANTE_CETELI,-69,CETELI_TREINAMENTOS,-69,eduroam,-70,dlink-9A00,-70,CETELI_P&D,-70,TPV,-77,Lab-Materiais,-81,lpmc_ft,-81
TP1,88,CETELI_WIFI,-69,VISITANTE_CETELI,-69,CETELI_TREINAMENTOS,-69,CETELI_P&D,-69,eduroam,-70,wifi-zone-ufam-1,-70,TPV,-78,dlink-9A00,-78,lpmc_ft,-81,S80,-83
TP1,89,VISITANTE_CETELI,-69,CETELI_TREINAMENTOS,-69,CETELI_P&D,-69,eduroam,-70,wifi-zone-ufam-1,-70,dlink-9A00,-70,CETELI_WIFI,-70,TPV,-77,Lab-Materiais,-82,S80,-83
TP1,90,CETELI_WIFI,-69,VISITANTE_CETELI,-69,CETELI_TREINAMENTOS,-69,CETELI_P&D,-69,eduroam,-70,wifi-zone-ufam-1,-70,TPV,-77,dlink-9A00,-77,Lab-Materiais,-81,S80,-83
TP1,91,VISITANTE_CETELI,-69,eduroam,-70,wifi-zone-ufam-1,-70,CETELI_WIFI,-70,CETELI_TREINAMENTOS,-70,CETELI_P&D,-71,TPV,-78,dlink-9A00,-79,lpmc_ft,-80,Lab-Materiais,-83
TP1,92,wifi-zone-ufam-1,-69,CETELI_WIFI,-69,eduroam,-70,VISITANTE_CETELI,-70,CETELI_TREINAMENTOS,-70,CETELI_P&D,-70,TPV,-78,lpmc_ft,-79,dlink-9A00,-79,Lab-Materiais,-82
TP1,93,dlink-9A00,-68,eduroam,-69,wifi-zone-ufam-1,-69,CETELI_P&D,-69,VISITANTE_CETELI,-69,CETELI_WIFI,-70,CETELI_TREINAMENTOS,-70,TPV,-77,lpmc_ft,-80,Lab-Materiais,-82
TP1,94,wifi-zone-ufam-1,-69,eduroam,-70,VISITANTE_CETELI,-70,CETELI_TREINAMENTOS,-70,CETELI_WIFI,-70,CETELI_P&D,-70,TPV,-77,lpmc_ft,-80,Lab-Materiais,-82,BRITO_AP,-83
TP1,95,eduroam,-70,wifi-zone-ufam-1,-70,VISITANTE_CETELI,-70,CETELI_TREINAMENTOS,-70,CETELI_P&D,-70,CETELI_WIFI,-72,TPV,-73,lpmc_ft,-81,Lab-Materiais,-83,BRITO_AP,-84
TP1,96,eduroam,-69,wifi-zone-ufam-1,-70,dlink-9A00,-70,CETELI_WIFI,-70,VISITANTE_CETELI,-70,CETELI_TREINAMENTOS,-70,CETELI_P&D,-70,TPV,-77,lpmc_ft,-81,Lab-Materiais,-82
TP1,97,VISITANTE_CETELI,-69,CETELI_TREINAMENTOS,-69,CETELI_WIFI,-69,CETELI_P&D,-69,eduroam,-70,wifi-zone-ufam-1,-70,TPV,-77,Lab-Materiais,-81,lpmc_ft,-82,S80,-82
TP1,98,CETELI_TREINAMENTOS,-69,CETELI_WIFI,-69,CETELI_P&D,-69,eduroam,-70,wifi-zone-ufam-1,-70,VISITANTE_CETELI,-70,TPV,-77,BRITO_AP,-82,Lab-Materiais,-83,S80,-83
TP1,99,wifi-zone-ufam-1,-69,eduroam,-70,VISITANTE_CETELI,-70,CETELI_TREINAMENTOS,-70,CETELI_WIFI,-70,CETELI_P&D,-72,TPV,-77,Lab-Materiais,-81,lpmc_ft,-81,S80,-83
TP1,100,eduroam,-70,wifi-zone-ufam-1,-70,VISITANTE_CETELI,-70,CETELI_TREINAMENTOS,-70,CETELI_WIFI,-70,CETELI_P&D,-72,TPV,-78,Lab-Materiais,-81,lpmc_ft,-82,isabele's Galaxy F41,-82
TP1,101,wifi-zone-ufam-1,-70,eduroam,-70,VISITANTE_CETELI,-70,CETELI_TREINAMENTOS,-70,CETELI_P&D,-70,CETELI_WIFI,-73,TPV,-77,dlink-9A00,-79,isabele's Galaxy F41,-79,Lab-Materiais,-82
TP1,102,CETELI_TREINAMENTOS,-69,eduroam,-70,wifi-zone-ufam-1,-70,VISITANTE_CETELI,-70,CETELI_WIFI,-70,CETELI_P&D,-70,isabele's Galaxy F41,-74,TPV,-77,Lab-Materiais,-82,lpmc_ft,-83
TP1,103,wifi-zone-ufam-1,-69,eduroam,-70,VISITANTE_CETELI,-70,CETELI_TREINAMENTOS,-70,CETELI_WIFI,-70,CETELI_P&D,-70,TPV,-74,isabele's Galaxy F41,-76,lpmc_ft,-81,Lab-Materiais,-82
TP1,104,eduroam,-70,wifi-zone-ufam-1,-70,VISITANTE_CETELI,-70,CETELI_TREINAMENTOS,-70,CETELI_WIFI,-70,CETELI_P&D,-70,dlink-9A00,-74,TPV,-77,Lab-Materiais,-82,lpmc_ft,-82
TP1,105,eduroam,-70,wifi-zone-ufam-1,-70,dlink-9A00,-70,CETELI_WIFI,-70,VISITANTE_CETELI,-70,CETELI_TREINAMENTOS,-70,CETELI_P&D,-70,TPV,-77,Lab-Materiais,-80,lpmc_ft,-82
TP1,106,eduroam,-69,wifi-zone-ufam-1,-69,VISITANTE_CETELI,-70,CETELI_TREINAMENTOS,-70,CETELI_WIFI,-70,CETELI_P&D,-70,TPV,-78,IoT-zone-ufam,-86,isabele's Galaxy F41,-86,BRITO_AP,-88
TP1,107,wifi-zone-ufam-1,-69,eduroam,-70,VISITANTE_CETELI,-70,CETELI_TREINAMENTOS,-70,CETELI_P&D,-70,dlink-9A00,-71,CETELI_WIFI,-71,TPV,-77,Lab-Materiais,-82,IoT-zone-ufam,-84
TP1,108,eduroam,-69,wifi-zone-ufam-1,-69,dlink-9A00,-70,CETELI_WIFI,-70,VISITANTE_CETELI,-70,CETELI_TREINAMENTOS,-70,CETELI_P&D,-70,TPV,-73,Lab-Materiais,-82,isabele's Galaxy F41,-83
TP1,109,eduroam,-69,wifi-zone-ufam-1,-69,CETELI_WIFI,-69,VISITANTE_CETELI,-69,CETELI_P&D,-69,dlink-9A00,-70,CETELI_TREINAMENTOS,-70,TPV,-78,Lab-Materiais,-81,lpmc_ft,-81
TP1,110,eduroam,-69,wifi-zone-ufam-1,-69,CETELI_P&D,-69,CETELI_WIFI,-70,CETELI_TREINAMENTOS,-70,VISITANTE_CETELI,-71,TPV,-76,lpmc_ft,-81,Lab-Materiais,-82,BRITO_AP,-83
TP1,111,eduroam,-69,wifi-zone-ufam-1,-70,CETELI_WIFI,-70,VISITANTE_CETELI,-70,CETELI_TREINAMENTOS,-70,CETELI_P&D,-70,TPV,-77,dlink-9A00,-79,lpmc_ft,-80,Lab-Materiais,-82
TP1,112,CETELI_WIFI,-69,VISITANTE_CETELI,-69,CETELI_TREINAMENTOS,-69,eduroam,-70,wifi-zone-ufam-1,-70,dlink-9A00,-70,CETELI_P&D,-70,TPV,-77,Lab-Materiais,-80,lpmc_ft,-82
TP1,113,wifi-zone-ufam-1,-69,CETELI_WIFI,-69,eduroam,-70,VISITANTE_CETELI,-70,CETELI_TREINAMENTOS,-70,CETELI_P&D,-70,TPV,-78,lpmc_ft,-81,Lab-Materiais,-82,S80,-84
TP1,114,wifi-zone-ufam-1,-69,VISITANTE_CETELI,-69,CETELI_TREINAMENTOS,-69,eduroam,-70,CETELI_WIFI,-70,CETELI_P&D,-70,TPV,-78,Lab-Materiais,-80,lpmc_ft,-82,BRITO_AP,-83
TP1,115,wifi-zone-ufam-1,-69,CETELI_TREINAMENTOS,-69,CETELI_P&D,-69,eduroam,-70,dlink-9A00,-70,CETELI_WIFI,-70,VISITANTE_CETELI,-71,TPV,-77,lpmc_ft,-79,Lab-Materiais,-81
TP1,116,eduroam,-69,wifi-zone-ufam-1,-69,dlink-9A00,-69,CETELI_WIFI,-69,VISITANTE_CETELI,-69,CETELI_TREINAMENTOS,-70,CETELI_P&D,-70,TPV,-78,lpmc_ft,-81,Lab-Materiais,-82
TP1,117,CETELI_P&D,-68,eduroam,-69,wifi-zone-ufam-1,-69,dlink-9A00,-69,CETELI_WIFI,-69,VISITANTE_CETELI,-69,CETELI_TREINAMENTOS,-69,TPV,-77,lpmc_ft,-81,S80,-82
TP1,118,eduroam,-69,wifi-zone-ufam-1,-69,VISITANTE_CETELI,-70,CETELI_WIFI,-70,CETELI_P&D,-70,CETELI_TREINAMENTOS,-71,lpmc_ft,-77,dlink-9A00,-80,Lab-Materiais,-83,S80,-84
TP1,119,wifi-zone-ufam-1,-69,eduroam,-70,dlink-9A00,-70,CETELI_WIFI,-70,VISITANTE_CETELI,-70,CETELI_TREINAMENTOS,-70,CETELI_P&D,-70,TPV,-76,lpmc_ft,-81,BRITO_AP,-83
TP1,120,dlink-9A00,-68,eduroam,-69,wifi-zone-ufam-1,-69,CETELI_WIFI,-69,VISITANTE_CETELI,-69,CETELI_TREINAMENTOS,-70,CETELI_P&D,-70,TPV,-77,lpmc_ft,-82,Lab-Materiais,-83
TP2,1,CETELI_TREINAMENTOS,-57,VISITANTE_CETELI,-58,CETELI_WIFI,-58,CETELI_P&D,-58,dlink-9A00,-59,eduroam,-71,wifi-zone-ufam-1,-71,TPV,-77,lpmc_ft,-78,IoT-zone-ufam,-85
TP2,2,VISITANTE_CETELI,-57,CETELI_TREINAMENTOS,-57,CETELI_P&D,-57,CETELI_WIFI,-58,dlink-9A00,-66,eduroam,-72,wifi-zone-ufam-1,-72,lpmc_ft,-78,S80,-83,IoT-zone-ufam,-84
TP2,3,CETELI_WIFI,-57,VISITANTE_CETELI,-57,CETELI_P&D,-57,CETELI_TREINAMENTOS,-58,dlink-9A00,-59,eduroam,-71,wifi-zone-ufam-1,-71,TPV,-73,S80,-84,lpmc_ft,-85
TP2,4,CETELI_WIFI,-57,VISITANTE_CETELI,-57,CETELI_TREINAMENTOS,-57,CETELI_P&D,-57,dlink-9A00,-59,eduroam,-71,wifi-zone-ufam-1,-71,TPV,-73,IoT-zone-ufam,-82,lpmc_ft,-85
TP2,5,CETELI_WIFI,-57,VISITANTE_CETELI,-57,CETELI_TREINAMENTOS,-57,CETELI_P&D,-57,dlink-9A00,-66,eduroam,-71,wifi-zone-ufam-1,-71,TPV,-73,lpmc_ft,-80,IoT-zone-ufam,-83
TP2,6,CETELI_WIFI,-57,CETELI_P&D,-57,VISITANTE_CETELI,-58,CETELI_TREINAMENTOS,-58,dlink-9A00,-59,eduroam,-71,wifi-zone-ufam-1,-71,TPV,-73,IoT-zone-ufam,-82,S80,-83
TP2,7,CETELI_WIFI,-57,VISITANTE_CETELI,-57,CETELI_TREINAMENTOS,-57,CETELI_P&D,-58,dlink-9A00,-66,eduroam,-71,wifi-zone-ufam-1,-71,TPV,-73,lpmc_ft,-80,BRITO_AP,-84
TP2,8,CETELI_P&D,-56,CETELI_TREINAMENTOS,-57,CETELI_WIFI,-58,VISITANTE_CETELI,-58,dlink-9A00,-59,eduroam,-71,wifi-zone-ufam-1,-71,TPV,-74,IoT-zone-ufam,-84,S80,-84
TP2,9,VISITANTE_CETELI,-57,CETELI_P&D,-57,CETELI_WIFI,-58,CETELI_TREINAMENTOS,-58,dlink-9A00,-59,eduroam,-71,wifi-zone-ufam-1,-71,TPV,-73,IoT-zone-ufam,-83,S80,-84
TP2,10,CETELI_P&D,-57,CETELI_WIFI,-58,VISITANTE_CETELI,-58,CETELI_TREINAMENTOS,-59,dlink-9A00,-66,eduroam,-71,wifi-zone-ufam-1,-71,TPV,-73,IoT-zone-ufam,-84,S80,-84
TP2,11,VISITANTE_CETELI,-57,CETELI_TREINAMENTOS,-57,CETELI_WIFI,-57,CETELI_P&D,-57,dlink-9A00,-67,eduroam,-71,wifi-zone-ufam-1,-71,TPV,-73,S80,-83,BRITO_AP,-85
TP2,12,CETELI_TREINAMENTOS,-56,CETELI_P&D,-57,CETELI_WIFI,-58,VISITANTE_CETELI,-58,dlink-9A00,-66,eduroam,-71,wifi-zone-ufam-1,-71,TPV,-74,lpmc_ft,-79,S80,-83
TP2,13,CETELI_WIFI,-57,CETELI_TREINAMENTOS,-57,VISITANTE_CETELI,-58,CETELI_P&D,-58,dlink-9A00,-59,eduroam,-71,wifi-zone-ufam-1,-71,TPV,-74,lpmc_ft,-75,IoT-zone-ufam,-83
TP2,14,VISITANTE_CETELI,-56,CETELI_TREINAMENTOS,-57,CETELI_WIFI,-58,CETELI_P&D,-58,dlink-9A00,-66,eduroam,-71,wifi-zone-ufam-1,-71,lpmc_ft,-74,TPV,-74,IoT-zone-ufam,-86
TP2,15,CETELI_WIFI,-57,VISITANTE_CETELI,-57,CETELI_TREINAMENTOS,-57,CETELI_P&D,-58,dlink-9A00,-67,eduroam,-71,wifi-zone-ufam-1,-71,lpmc_ft,-80,IoT-zone-ufam,-83,S80,-84
TP2,16,CETELI_TREINAMENTOS,-57,VISITANTE_CETELI,-57,CETELI_P&D,-58,CETELI_WIFI,-61,dlink-9A00,-67,eduroam,-71,wifi-zone-ufam-1,-71,TPV,-74,IoT-zone-ufam,-83,EEGI_ADM,-87
TP2,17,CETELI_WIFI,-57,VISITANTE_CETELI,-57,CETELI_TREINAMENTOS,-58,CETELI_P&D,-58,dlink-9A00,-59,eduroam,-71,wifi-zone-ufam-1,-71,TPV,-74,lpmc_ft,-79,IoT-zone-ufam,-82
TP2,18,VISITANTE_CETELI,-57,CETELI_TREINAMENTOS,-57,CETELI_WIFI,-57,CETELI_P&D,-58,dlink-9A00,-67,eduroam,-71,wifi-zone-ufam-1,-71,TPV,-72,S80,-83,IoT-zone-ufam,-84
TP2,19,CETELI_TREINAMENTOS,-57,CETELI_WIFI,-58,VISITANTE_CETELI,-58,CETELI_P&D,-58,dlink-9A00,-59,eduroam,-71,wifi-zone-ufam-1,-71,TPV,-74,lpmc_ft,-79,BRITO_AP,-83
TP2,20,CETELI_WIFI,-57,VISITANTE_CETELI,-58,CETELI_TREINAMENTOS,-58,CETELI_P&D,-58,dlink-9A00,-59,eduroam,-71,wifi-zone-ufam-1,-71,TPV,-73,IoT-zone-ufam,-84,S80,-85
TP2,21,VISITANTE_CETELI,-56,CETELI_P&D,-57,CETELI_TREINAMENTOS,-58,CETELI_WIFI,-58,dlink-9A00,-67,eduroam,-71,wifi-zone-ufam-1,-71,TPV,-74,lpmc_ft,-79,IoT-zone-ufam,-83
TP2,22,CETELI_WIFI,-56,VISITANTE_CETELI,-57,CETELI_P&D,-57,CETELI_TREINAMENTOS,-58,dlink-9A00,-59,eduroam,-71,wifi-zone-ufam-1,-71,TPV,-74,lpmc_ft,-81,S80,-82
TP2,23,CETELI_WIFI,-57,CETELI_TREINAMENTOS,-57,CETELI_P&D,-57,VISITANTE_CETELI,-58,dlink-9A00,-67,eduroam,-71,wifi-zone-ufam-1,-71,TPV,-73,S80,-83,IoT-zone-ufam,-85
TP2,24,CETELI_TREINAMENTOS,-57,CETELI_P&D,-57,VISITANTE_CETELI,-58,dlink-9A00,-59,CETELI_WIFI,-59,wifi-zone-ufam-1,-71,eduroam,-72,TPV,-73,S80,-83,IoT-zone-ufam,-84
TP2,25,CETELI_WIFI,-57,VISITANTE_CETELI,-58,CETELI_TREINAMENTOS,-58,CETELI_P&D,-58,dlink-9A00,-67,eduroam,-71,wifi-zone-ufam-1,-71,TPV,-75,lpmc_ft,-80,S80,-83
TP2,26,CETELI_WIFI,-57,VISITANTE_CETELI,-57,CETELI_P&D,-57,CETELI_TREINAMENTOS,-58,dlink-9A00,-59,eduroam,-71,wifi-zone-ufam-1,-71,TPV,-74,IoT-zone-ufam,-83,BRITO_AP,-84
TP2,27,CETELI_WIFI,-57,VISITANTE_CETELI,-58,CETELI_TREINAMENTOS,-58,CETELI_P&D,-58,dlink-9A00,-67,wifi-zone-ufam-1,-70,eduroam,-71,TPV,-74,lpmc_ft,-83,IoT-zone-ufam,-83
TP2,28,CETELI_WIFI,-57,CETELI_TREINAMENTOS,-57,CETELI_P&D,-57,dlink-9A00,-59,VISITANTE_CETELI,-60,wifi-zone-ufam-1,-70,eduroam,-71,TPV,-74,lpmc_ft,-80,EEGI_ADM,-81
TP2,29,CETELI_WIFI,-57,CETELI_TREINAMENTOS,-57,VISITANTE_CETELI,-58,CETELI_P&D,-58,dlink-9A00,-66,eduroam,-71,wifi-zone-ufam-1,-71,TPV,-73,IoT-zone-ufam,-85,S80,-85
TP2,30,CETELI_WIFI,-58,VISITANTE_CETELI,-58,CETELI_TREINAMENTOS,-58,CETELI_P&D,-58,dlink-9A00,-66,eduroam,-71,wifi-zone-ufam-1,-71,TPV,-73,S80,-83,BRITO_AP,-85
TP2,31,CETELI_P&D,-56,CETELI_TREINAMENTOS,-57,VISITANTE_CETELI,-57,CETELI_WIFI,-58,eduroam,-71,wifi-zone-ufam-1,-71,TPV,-74,IoT-zone-ufam,-80,lpmc_ft,-85,BRITO_AP,-86
TP2,32,CETELI_TREINAMENTOS,-57,CETELI_WIFI,-58,VISITANTE_CETELI,-58,CETELI_P&D,-58,dlink-9A00,-67,eduroam,-71,wifi-zone-ufam-1,-72,lpmc_ft,-79,S80,-84,IoT-zone-ufam,-85
TP2,33,CETELI_WIFI,-57,VISITANTE_CETELI,-58,CETELI_TREINAMENTOS,-58,CETELI_P&D,-58,dlink-9A00,-67,eduroam,-71,wifi-zone-ufam-1,-71,TPV,-73,lpmc_ft,-78,BRITO_AP,-84
TP2,34,CETELI_TREINAMENTOS,-57,CETELI_P&D,-57,CETELI_WIFI,-58,VISITANTE_CETELI,-58,dlink-9A00,-66,eduroam,-71,wifi-zone-ufam-1,-71,TPV,-74,S80,-83,IoT-zone-ufam,-85
TP2,35,CETELI_WIFI,-57,CETELI_TREINAMENTOS,-57,VISITANTE_CETELI,-58,CETELI_P&D,-58,dlink-9A00,-59,wifi-zone-ufam-1,-71,eduroam,-72,TPV,-73,S80,-84,BRITO_AP,-86
TP2,36,CETELI_TREINAMENTOS,-57,CETELI_P&D,-57,CETELI_WIFI,-58,VISITANTE_CETELI,-58,dlink-9A00,-68,wifi-zone-ufam-1,-73,eduroam,-73,TPV,-74,IoT-zone-ufam,-83,S80,-84
TP2,37,VISITANTE_CETELI,-58,CETELI_TREINAMENTOS,-58,CETELI_WIFI,-58,CETELI_P&D,-58,dlink-9A00,-59,eduroam,-71,wifi-zone-ufam-1,-71,TPV,-73,lpmc_ft,-80,IoT-zone-ufam,-85
TP2,38,CETELI_WIFI,-58,VISITANTE_CETELI,-58,CETELI_TREINAMENTOS,-58,CETELI_P&D,-58,dlink-9A00,-59,eduroam,-71,wifi-zone-ufam-1,-71,TPV,-74,lpmc_ft,-80,IoT-zone-ufam,-84
TP2,39,CETELI_TREINAMENTOS,-57,CETELI_WIFI,-58,CETELI_P&D,-58,dlink-9A00,-59,VISITANTE_CETELI,-59,eduroam,-71,wifi-zone-ufam-1,-71,TPV,-73,lpmc_ft,-79,IoT-zone-ufam,-85
TP2,40,CETELI_WIFI,-57,CETELI_TREINAMENTOS,-57,VISITANTE_CETELI,-58,CETELI_P&D,-58,dlink-9A00,-66,eduroam,-71,wifi-zone-ufam-1,-71,TPV,-75,lpmc_ft,-81,IoT-zone-ufam,-84
TP2,41,CETELI_WIFI,-58,VISITANTE_CETELI,-58,CETELI_P&D,-58,dlink-9A00,-59,CETELI_TREINAMENTOS,-59,eduroam,-71,wifi-zone-ufam-1,-71,TPV,-75,lpmc_ft,-79,S80,-84
TP2,42,CETELI_TREINAMENTOS,-57,CETELI_P&D,-57,CETELI_WIFI,-58,VISITANTE_CETELI,-58,dlink-9A00,-68,eduroam,-71,wifi-zone-ufam-1,-71,TPV,-75,lpmc_ft,-80,IoT-zone-ufam,-83
TP2,43,VISITANTE_CETELI,-57,CETELI_WIFI,-58,CETELI_TREINAMENTOS,-58,CETELI_P&D,-58,dlink-9A00,-68,eduroam,-71,wifi-zone-ufam-1,-71,TPV,-74,lpmc_ft,-85,IoT-zone-ufam,-85
TP2,44,VISITANTE_CETELI,-58,CETELI_TREINAMENTOS,-58,CETELI_WIFI,-58,CETELI_P&D,-58,dlink-9A00,-59,wifi-zone-ufam-1,-71,eduroam,-71,TPV,-74,lpmc_ft,-80,IoT-zone-ufam,-83
TP2,45,VISITANTE_CETELI,-57,CETELI_WIFI,-58,CETELI_P&D,-58,CETELI_TREINAMENTOS,-59,dlink-9A00,-60,eduroam,-71,wifi-zone-ufam-1,-71,TPV,-75,lpmc_ft,-79,IoT-zone-ufam,-84
TP2,46,CETELI_WIFI,-58,CETELI_TREINAMENTOS,-58,CETELI_P&D,-58,VISITANTE_CETELI,-59,dlink-9A00,-67,eduroam,-71,wifi-zone-ufam-1,-71,TPV,-74,S80,-84,IoT-zone-ufam,-85
TP2,47,VISITANTE_CETELI,-57,CETELI_P&D,-57,CETELI_WIFI,-58,CETELI_TREINAMENTOS,-58,dlink-9A00,-59,eduroam,-71,wifi-zone-ufam-1,-71,TPV,-74,S80,-85,IoT-zone-ufam,-86
TP2,48,VISITANTE_CETELI,-58,CETELI_TREINAMENTOS,-58,CETELI_WIFI,-58,CETELI_P&D,-58,dlink-9A00,-59,eduroam,-71,wifi-zone-ufam-1,-71,TPV,-74,lpmc_ft,-81,S80,-85
TP2,49,dlink-9A00,-59,CETELI_WIFI,-59,VISITANTE_CETELI,-60,CETELI_P&D,-60,CETELI_TREINAMENTOS,-61,eduroam,-72,wifi-zone-ufam-1,-72,TPV,-74,IoT-zone-ufam,-83,S80,-83
TP2,50,CETELI_TREINAMENTOS,-58,CETELI_WIFI,-58,CETELI_P&D,-58,VISITANTE_CETELI,-58,dlink-9A00,-59,eduroam,-71,wifi-zone-ufam-1,-71,TPV,-74,lpmc_ft,-80,IoT-zone-ufam,-83
TP2,51,VISITANTE_CETELI,-57,CETELI_TREINAMENTOS,-58,CETELI_WIFI,-58,CETELI_P&D,-58,dlink-9A00,-67,eduroam,-72,wifi-zone-ufam-1,-72,TPV,-74,lpmc_ft,-80,IoT-zone-ufam,-83
TP2,52,CETELI_WIFI,-57,dlink-9A00,-58,VISITANTE_CETELI,-58,CETELI_TREINAMENTOS,-58,CETELI_P&D,-58,eduroam,-70,wifi-zone-ufam-1,-71,TPV,-73,IoT-zone-ufam,-84,S80,-84
TP2,53,CETELI_WIFI,-56,VISITANTE_CETELI,-56,CETELI_TREINAMENTOS,-57,CETELI_P&D,-57,dlink-9A00,-61,TPV,-74,eduroam,-74,wifi-zone-ufam-1,-74,lpmc_ft,-80,S80,-83
TP2,54,CETELI_WIFI,-59,VISITANTE_CETELI,-59,CETELI_TREINAMENTOS,-59,CETELI_P&D,-59,dlink-9A00,-64,TPV,-74,eduroam,-74,wifi-zone-ufam-1,-74,S80,-83,IoT-zone-ufam,-87
TP2,55,CETELI_TREINAMENTOS,-57,CETELI_WIFI,-57,CETELI_P&D,-57,VISITANTE_CETELI,-58,dlink-9A00,-68,eduroam,-73,wifi-zone-ufam-1,-73,TPV,-75,lpmc_ft,-76,IoT-zone-ufam,-83
TP2,56,VISITANTE_CETELI,-57,CETELI_P&D,-58,dlink-9A00,-59,CETELI_TREINAMENTOS,-59,CETELI_WIFI,-60,TPV,-74,eduroam,-74,wifi-zone-ufam-1,-74,lpmc_ft,-79,IoT-zone-ufam,-83
TP2,57,CETELI_WIFI,-58,VISITANTE_CETELI,-58,CETELI_TREINAMENTOS,-58,CETELI_P&D,-58,dlink-9A00,-59,TPV,-74,wifi-zone-ufam-1,-74,eduroam,-74,IoT-zone-ufam,-82,S80,-83
TP2,58,VISITANTE_CETELI,-57,CETELI_TREINAMENTOS,-58,CETELI_P&D,-58,CETELI_WIFI,-61,dlink-9A00,-68,eduroam,-73,wifi-zone-ufam-1,-73,lpmc_ft,-79,IoT-zone-ufam,-84,LAB_LME_2G,-84
TP2,59,VISITANTE_CETELI,-57,CETELI_TREINAMENTOS,-58,CETELI_WIFI,-58,dlink-9A00,-59,CETELI_P&D,-59,eduroam,-71,wifi-zone-ufam-1,-71,TPV,-73,S80,-84,IoT-zone-ufam,-85
TP2,60,CETELI_WIFI,-57,CETELI_TREINAMENTOS,-58,CETELI_P&D,-58,dlink-9A00,-59,VISITANTE_CETELI,-59,eduroam,-71,wifi-zone-ufam-1,-71,TPV,-78,IoT-zone-ufam,-84,lpmc_ft,-85
TP2,61,VISITANTE_CETELI,-59,CETELI_WIFI,-60,CETELI_TREINAMENTOS,-60,CETELI_P&D,-60,dlink-9A00,-65,wifi-zone-ufam-1,-71,eduroam,-72,TPV,-74,lpmc_ft,-79,IoT-zone-ufam,-82
TP2,62,CETELI_WIFI,-57,VISITANTE_CETELI,-59,CETELI_TREINAMENTOS,-59,CETELI_P&D,-59,dlink-9A00,-67,wifi-zone-ufam-1,-71,eduroam,-72,TPV,-74,IoT-zone-ufam,-80,lpmc_ft,-83
TP2,63,CETELI_WIFI,-58,VISITANTE_CETELI,-58,CETELI_TREINAMENTOS,-58,CETELI_P&D,-58,dlink-9A00,-66,eduroam,-71,wifi-zone-ufam-1,-71,TPV,-73,S80,-83,IoT-zone-ufam,-85
TP2,64,CETELI_WIFI,-58,VISITANTE_CETELI,-58,CETELI_TREINAMENTOS,-58,CETELI_P&D,-58,dlink-9A00,-59,wifi-zone-ufam-1,-71,eduroam,-72,TPV,-74,lpmc_ft,-80,S80,-84
TP2,65,VISITANTE_CETELI,-57,CETELI_WIFI,-58,CETELI_TREINAMENTOS,-58,CETELI_P&D,-58,dlink-9A00,-59,wifi-zone-ufam-1,-71,eduroam,-72,TPV,-74,IoT-zone-ufam,-85,S80,-85
TP2,66,CETELI_WIFI,-58,VISITANTE_CETELI,-58,CETELI_P&D,-58,dlink-9A00,-59,CETELI_TREINAMENTOS,-59,wifi-zone-ufam-1,-71,eduroam,-72,TPV,-75,lpmc_ft,-80,S80,-84
TP2,67,VISITANTE_CETELI,-57,CETELI_TREINAMENTOS,-58,CETELI_P&D,-58,dlink-9A00,-59,CETELI_WIFI,-60,eduroam,-71,wifi-zone-ufam-1,-71,TPV,-74,lpmc_ft,-76,IoT-zone-ufam,-84
TP2,68,CETELI_WIFI,-58,VISITANTE_CETELI,-58,CETELI_TREINAMENTOS,-58,CETELI_P&D,-58,dlink-9A00,-67,eduroam,-71,wifi-zone-ufam-1,-71,TPV,-74,lpmc_ft,-81,IoT-zone-ufam,-83
TP2,69,CETELI_WIFI,-57,dlink-9A00,-58,VISITANTE_CETELI,-58,CETELI_TREINAMENTOS,-58,CETELI_P&D,-58,eduroam,-71,wifi-zone-ufam-1,-71,TPV,-75,IoT-zone-ufam,-82,S80,-84
TP2,70,VISITANTE_CETELI,-57,CETELI_WIFI,-58,CETELI_P&D,-58,CETELI_TREINAMENTOS,-59,eduroam,-71,wifi-zone-ufam-1,-71,TPV,-75,lpmc_ft,-85,IoT-zone-ufam,-86,EEGI_ADM,-89
TP2,71,VISITANTE_CETELI,-58,CETELI_TREINAMENTOS,-58,CETELI_WIFI,-58,CETELI_P&D,-58,dlink-9A00,-60,eduroam,-71,wifi-zone-ufam-1,-72,TPV,-73,IoT-zone-ufam,-83,S80,-84
TP2,72,CETELI_WIFI,-57,CETELI_TREINAMENTOS,-58,CETELI_P&D,-58,VISITANTE_CETELI,-59,dlink-9A00,-67,wifi-zone-ufam-1,-70,TPV,-71,eduroam,-71,IoT-zone-ufam,-82,lpmc_ft,-84
TP2,73,CETELI_P&D,-57,CETELI_WIFI,-58,VISITANTE_CETELI,-58,CETELI_TREINAMENTOS,-58,dlink-9A00,-67,eduroam,-73,wifi-zone-ufam-1,-73,TPV,-74,IoT-zone-ufam,-84,S80,-84
TP2,74,CETELI_WIFI,-58,CETELI_TREINAMENTOS,-58,CETELI_P&D,-58,VISITANTE_CETELI,-59,dlink-9A00,-67,wifi-zone-ufam-1,-70,eduroam,-71,TPV,-75,lpmc_ft,-76,IoT-zone-ufam,-84
TP2,75,CETELI_P&D,-58,CETELI_WIFI,-58,CETELI_TREINAMENTOS,-58,VISITANTE_CETELI,-59,dlink-9A00,-67,eduroam,-71,wifi-zone-ufam-1,-71,TPV,-74,S80,-84,lpmc_ft,-85
TP2,76,VISITANTE_CETELI,-58,CETELI_TREINAMENTOS,-58,CETELI_P&D,-58,CETELI_WIFI,-59,dlink-9A00,-67,eduroam,-71,wifi-zone-ufam-1,-71,TPV,-74,lpmc_ft,-80,IoT-zone-ufam,-82
TP2,77,VISITANTE_CETELI,-58,CETELI_TREINAMENTOS,-58,CETELI_WIFI,-58,CETELI_P&D,-58,dlink-9A00,-67,eduroam,-71,wifi-zone-ufam-1,-71,TPV,-74,lpmc_ft,-81,IoT-zone-ufam,-84
TP2,78,VISITANTE_CETELI,-58,CETELI_TREINAMENTOS,-58,CETELI_P&D,-58,dlink-9A00,-59,CETELI_WIFI,-59,eduroam,-71,wifi-zone-ufam-1,-71,TPV,-74,IoT-zone-ufam,-85,EEGI_ADM,-88
TP2,79,CETELI_WIFI,-57,VISITANTE_CETELI,-58,CETELI_TREINAMENTOS,-58,CETELI_P&D,-58,dlink-9A00,-59,wifi-zone-ufam-1,-71,eduroam,-72,TPV,-74,lpmc_ft,-77,S80,-84
TP2,80,CETELI_TREINAMENTOS,-58,CETELI_WIFI,-58,CETELI_P&D,-59,VISITANTE_CETELI,-59,dlink-9A00,-61,eduroam,-71,wifi-zone-ufam-1,-71,TPV,-74,lpmc_ft,-85,IoT-zone-ufam,-85
TP2,81,CETELI_TREINAMENTOS,-58,CETELI_P&D,-58,dlink-9A00,-59,CETELI_WIFI,-59,VISITANTE_CETELI,-59,eduroam,-71,wifi-zone-ufam-1,-71,TPV,-75,IoT-zone-ufam,-82,S80,-84
TP2,82,CETELI_TREINAMENTOS,-58,CETELI_WIFI,-59,VISITANTE_CETELI,-59,CETELI_P&D,-59,dlink-9A00,-67,eduroam,-71,wifi-zone-ufam-1,-71,TPV,-74,lpmc_ft,-84,IoT-zone-ufam,-85
TP2,83,CETELI_WIFI,-58,VISITANTE_CETELI,-58,CETELI_TREINAMENTOS,-58,dlink-9A00,-59,CETELI_P&D,-59,wifi-zone-ufam-1,-71,eduroam,-72,TPV,-75,lpmc_ft,-79,IoT-zone-ufam,-82
TP2,84,CETELI_WIFI,-58,VISITANTE_CETELI,-58,CETELI_P&D,-58,dlink-9A00,-59,CETELI_TREINAMENTOS,-59,eduroam,-71,wifi-zone-ufam-1,-71,TPV,-75,S80,-83,lpmc_ft,-85
TP2,85,VISITANTE_CETELI,-57,CETELI_TREINAMENTOS,-58,CETELI_WIFI,-58,CETELI_P&D,-58,dlink-9A00,-68,wifi-zone-ufam-1,-71,eduroam,-72,TPV,-74,lpmc_ft,-84,S80,-84
TP2,86,CETELI_WIFI,-58,VISITANTE_CETELI,-58,CETELI_P&D,-58,dlink-9A00,-59,CETELI_TREINAMENTOS,-59,eduroam,-71,wifi-zone-ufam-1,-71,TPV,-74,S80,-84,BRITO_AP,-86
TP2,87,CETELI_WIFI,-58,VISITANTE_CETELI,-58,CETELI_P&D,-58,dlink-9A00,-59,CETELI_TREINAMENTOS,-59,eduroam,-71,wifi-zone-ufam-1,-71,TPV,-73,IoT-zone-ufam,-84,S80,-84
TP2,88,VISITANTE_CETELI,-57,dlink-9A00,-58,CETELI_P&D,-58,CETELI_TREINAMENTOS,-59,CETELI_WIFI,-59,eduroam,-71,wifi-zone-ufam-1,-71,TPV,-74,lpmc_ft,-80,S80,-84
TP2,89,CETELI_TREINAMENTOS,-58,CETELI_P&D,-58,dlink-9A00,-59,CETELI_WIFI,-59,VISITANTE_CETELI,-59,eduroam,-71,wifi-zone-ufam-1,-71,TPV,-74,lpmc_ft,-81,S80,-84
TP2,90,CETELI_TREINAMENTOS,-57,CETELI_P&D,-58,VISITANTE_CETELI,-58,CETELI_WIFI,-59,dlink-9A00,-67,eduroam,-71,wifi-zone-ufam-1,-71,TPV,-75,lpmc_ft,-80,S80,-84
TP2,91,CETELI_P&D,-58,dlink-9A00,-59,CETELI_WIFI,-59,CETELI_TREINAMENTOS,-59,VISITANTE_CETELI,-60,eduroam,-71,wifi-zone-ufam-1,-71,TPV,-74,S80,-84,IoT-zone-ufam,-86
TP2,92,VISITANTE_CETELI,-58,CETELI_P&D,-58,CETELI_WIFI,-59,CETELI_TREINAMENTOS,-59,dlink-9A00,-67,eduroam,-71,wifi-zone-ufam-1,-72,lpmc_ft,-80,S80,-84,IoT-zone-ufam,-86
TP2,93,CETELI_WIFI,-58,CETELI_TREINAMENTOS,-58,VISITANTE_CETELI,-59,CETELI_P&D,-59,dlink-9A00,-66,eduroam,-71,wifi-zone-ufam-1,-72,TPV,-74,IoT-zone-ufam,-85,S80,-85
TP2,94,VISITANTE_CETELI,-58,CETELI_TREINAMENTOS,-58,CETELI_WIFI,-59,CETELI_P&D,-59,dlink-9A00,-67,eduroam,-71,wifi-zone-ufam-1,-71,TPV,-74,lpmc_ft,-81,IoT-zone-ufam,-84
TP2,95,CETELI_WIFI,-58,VISITANTE_CETELI,-58,CETELI_TREINAMENTOS,-58,CETELI_P&D,-60,dlink-9A00,-67,eduroam,-71,wifi-zone-ufam-1,-71,TPV,-74,lpmc_ft,-81,IoT-zone-ufam,-84
TP2,96,CETELI_WIFI,-58,VISITANTE_CETELI,-59,CETELI_P&D,-59,dlink-9A00,-60,CETELI_TREINAMENTOS,-61,eduroam,-71,wifi-zone-ufam-1,-71,TPV,-75,IoT-zone-ufam,-85,S80,-85
TP2,97,CETELI_WIFI,-57,CETELI_TREINAMENTOS,-57,CETELI_P&D,-57,VISITANTE_CETELI,-58,dlink-9A00,-61,eduroam,-71,wifi-zone-ufam-1,-71,TPV,-74,S80,-83,lpmc_ft,-84
TP2,98,CETELI_WIFI,-60,VISITANTE_CETELI,-60,CETELI_TREINAMENTOS,-60,CETELI_P&D,-60,dlink-9A00,-61,eduroam,-71,wifi-zone-ufam-1,-71,TPV,-76,S80,-82,lpmc_ft,-84
TP2,99,dlink-9A00,-60,VISITANTE_CETELI,-60,CETELI_TREINAMENTOS,-60,CETELI_WIFI,-61,CETELI_P&D,-61,wifi-zone-ufam-1,-71,eduroam,-71,TPV,-75,lpmc_ft,-80,S80,-81
TP2,100,dlink-9A00,-57,CETELI_TREINAMENTOS,-57,CETELI_P&D,-57,CETELI_WIFI,-58,VISITANTE_CETELI,-58,eduroam,-70,wifi-zone-ufam-1,-71,TPV,-74,IoT-zone-ufam,-83,lpmc_ft,-84
TP2,101,CETELI_WIFI,-60,CETELI_P&D,-60,VISITANTE_CETELI,-61,CETELI_TREINAMENTOS,-61,dlink-9A00,-68,eduroam,-71,wifi-zone-ufam-1,-71,TPV,-74,S80,-83,IoT-zone-ufam,-84
TP2,102,CETELI_TREINAMENTOS,-58,dlink-9A00,-59,CETELI_P&D,-59,CETELI_WIFI,-60,VISITANTE_CETELI,-60,eduroam,-71,wifi-zone-ufam-1,-72,TPV,-73,S80,-84,lpmc_ft,-85
TP2,103,CETELI_WIFI,-60,VISITANTE_CETELI,-60,CETELI_TREINAMENTOS,-60,CETELI_P&D,-60,dlink-9A00,-67,eduroam,-70,wifi-zone-ufam-1,-70,TPV,-77,BRITO_AP,-84,lpmc_ft,-85
TP2,104,VISITANTE_CETELI,-58,CETELI_WIFI,-59,CETELI_TREINAMENTOS,-59,CETELI_P&D,-59,dlink-9A00,-67,eduroam,-71,wifi-zone-ufam-1,-71,TPV,-75,lpmc_ft,-81,IoT-zone-ufam,-83
TP2,105,VISITANTE_CETELI,-58,CETELI_TREINAMENTOS,-59,CETELI_WIFI,-59,CETELI_P&D,-59,dlink-9A00,-60,eduroam,-72,wifi-zone-ufam-1,-72,TPV,-75,lpmc_ft,-82,IoT-zone-ufam,-84
TP2,106,VISITANTE_CETELI,-59,CETELI_TREINAMENTOS,-59,CETELI_P&D,-59,CETELI_WIFI,-60,dlink-9A00,-65,wifi-zone-ufam-1,-71,eduroam,-72,TPV,-76,lpmc_ft,-81,S80,-84
TP2,107,CETELI_TREINAMENTOS,-60,VISITANTE_CETELI,-61,CETELI_WIFI,-61,CETELI_P&D,-61,dlink-9A00,-67,eduroam,-71,wifi-zone-ufam-1,-72,TPV,-74,IoT-zone-ufam,-85,lpmc_ft,-87
TP2,108,CETELI_TREINAMENTOS,-58,dlink-9A00,-59,CETELI_WIFI,-60,VISITANTE_CETELI,-60,CETELI_P&D,-60,eduroam,-72,wifi-zone-ufam-1,-72,TPV,-73,IoT-zone-ufam,-83,S80,-83
TP2,109,CETELI_WIFI,-59,VISITANTE_CETELI,-59,CETELI_TREINAMENTOS,-59,CETELI_P&D,-60,TPV,-73,eduroam,-73,wifi-zone-ufam-1,-73,dlink-9A00,-74,lpmc_ft,-81,IoT-zone-ufam,-81
TP2,110,CETELI_WIFI,-58,VISITANTE_CETELI,-59,CETELI_TREINAMENTOS,-59,CETELI_P&D,-59,dlink-9A00,-68,eduroam,-73,wifi-zone-ufam-1,-73,TPV,-75,S80,-83,BRITO_AP,-86
TP2,111,CETELI_WIFI,-59,VISITANTE_CETELI,-60,CETELI_TREINAMENTOS,-60,CETELI_P&D,-60,dlink-9A00,-66,eduroam,-74,wifi-zone-ufam-1,-74,TPV,-75,lpmc_ft,-80,IoT-zone-ufam,-82
TP2,112,VISITANTE_CETELI,-58,CETELI_TREINAMENTOS,-58,CETELI_P&D,-58,dlink-9A00,-59,CETELI_WIFI,-59,wifi-zone-ufam-1,-73,eduroam,-74,TPV,-75,lpmc_ft,-80,S80,-83
TP2,113,CETELI_WIFI,-57,VISITANTE_CETELI,-58,CETELI_TREINAMENTOS,-58,CETELI_P&D,-58,dlink-9A00,-67,eduroam,-73,wifi-zone-ufam-1,-73,TPV,-75,IoT-zone-ufam,-84,lpmc_ft,-85
TP2,114,CETELI_WIFI,-57,CETELI_TREINAMENTOS,-58,VISITANTE_CETELI,-59,CETELI_P&D,-59,TPV,-73,eduroam,-73,wifi-zone-ufam-1,-73,S80,-83,IoT-zone-ufam,-84,Lab-Materiais,-91
TP2,115,VISITANTE_CETELI,-55,CETELI_WIFI,-56,CETELI_TREINAMENTOS,-57,CETELI_P&D,-58,dlink-9A00,-64,TPV,-73,eduroam,-73,wifi-zone-ufam-1,-73,IoT-zone-ufam,-83,lpmc_ft,-84
TP2,116,dlink-9A00,-59,CETELI_WIFI,-59,CETELI_TREINAMENTOS,-59,CETELI_P&D,-59,VISITANTE_CETELI,-60,eduroam,-73,wifi-zone-ufam-1,-73,lpmc_ft,-82,IoT-zone-ufam,-84,S80,-84
TP2,117,CETELI_TREINAMENTOS,-57,CETELI_P&D,-58,VISITANTE_CETELI,-59,CETELI_WIFI,-59,dlink-9A00,-64,TPV,-73,eduroam,-73,wifi-zone-ufam-1,-73,lpmc_ft,-81,IoT-zone-ufam,-83
TP2,118,CETELI_P&D,-58,dlink-9A00,-59,VISITANTE_CETELI,-59,CETELI_TREINAMENTOS,-59,CETELI_WIFI,-60,TPV,-73,eduroam,-73,wifi-zone-ufam-1,-73,IoT-zone-ufam,-85,S80,-85
TP2,119,dlink-9A00,-59,CETELI_TREINAMENTOS,-59,CETELI_WIFI,-59,CETELI_P&D,-59,VISITANTE_CETELI,-62,eduroam,-72,wifi-zone-ufam-1,-73,TPV,-74,lpmc_ft,-81,IoT-zone-ufam,-85
TP2,120,CETELI_TREINAMENTOS,-57,CETELI_WIFI,-58,VISITANTE_CETELI,-58,CETELI_P&D,-58,dlink-9A00,-61,TPV,-74,eduroam,-74,wifi-zone-ufam-1,-74,lpmc_ft,-82,S80,-84
TP3,1,CETELI_P&D,-58,CETELI_WIFI,-60,CETELI_TREINAMENTOS,-60,dlink-9A00,-62,VISITANTE_CETELI,-62,eduroam,-69,wifi-zone-ufam-1,-69,TPV,-71,lpmc_ft,-83,S80,-85
TP3,2,CETELI_WIFI,-52,VISITANTE_CETELI,-53,CETELI_TREINAMENTOS,-53,CETELI_P&D,-54,dlink-9A00,-62,eduroam,-68,wifi-zone-ufam-1,-68,TPV,-72,BRITO_AP,-85,IoT-zone-ufam,-85
TP3,3,VISITANTE_CETELI,-55,CETELI_TREINAMENTOS,-55,CETELI_WIFI,-55,CETELI_P&D,-55,dlink-9A00,-62,eduroam,-68,wifi-zone-ufam-1,-68,TPV,-74,lpmc_ft,-83,S80,-85
TP3,4,CETELI_P&D,-53,CETELI_WIFI,-54,VISITANTE_CETELI,-54,CETELI_TREINAMENTOS,-54,dlink-9A00,-63,wifi-zone-ufam-1,-68,eduroam,-69,TPV,-74,IoT-zone-ufam,-87,lpmc_ft,-88
TP3,5,CETELI_WIFI,-51,CETELI_TREINAMENTOS,-51,VISITANTE_CETELI,-52,CETELI_P&D,-52,dlink-9A00,-60,eduroam,-69,wifi-zone-ufam-1,-69,TPV,-80,lpmc_ft,-84,LAB_LME_2G,-87
TP3,6,CETELI_TREINAMENTOS,-53,CETELI_P&D,-53,VISITANTE_CETELI,-54,CETELI_WIFI,-54,dlink-9A00,-59,eduroam,-67,TPV,-68,wifi-zone-ufam-1,-68,BRITO_AP,-87,lpmc_ft,-88
TP3,7,CETELI_P&D,-53,CETELI_WIFI,-54,VISITANTE_CETELI,-54,CETELI_TREINAMENTOS,-54,dlink-9A00,-57,eduroam,-66,wifi-zone-ufam-1,-66,TPV,-73,S80,-86,BRITO_AP,-87
TP3,8,CETELI_WIFI,-54,CETELI_P&D,-55,VISITANTE_CETELI,-55,CETELI_TREINAMENTOS,-56,dlink-9A00,-62,eduroam,-67,wifi-zone-ufam-1,-67,TPV,-74,IoT-zone-ufam,-87,BRITO_AP,-91
TP3,9,CETELI_P&D,-53,VISITANTE_CETELI,-53,CETELI_TREINAMENTOS,-53,CETELI_WIFI,-54,eduroam,-66,wifi-zone-ufam-1,-66,dlink-9A00,-66,TPV,-76,lpmc_ft,-85,IoT-zone-ufam,-89
TP3,10,CETELI_WIFI,-54,VISITANTE_CETELI,-54,CETELI_TREINAMENTOS,-54,CETELI_P&D,-54,dlink-9A00,-64,eduroam,-66,wifi-zone-ufam-1,-66,TPV,-72,BRITO_AP,-87,lpmc_ft,-87
TP3,11,CETELI_WIFI,-55,VISITANTE_CETELI,-55,CETELI_TREINAMENTOS,-55,CETELI_P&D,-55,dlink-9A00,-58,eduroam,-69,wifi-zone-ufam-1,-69,TPV,-70,lpmc_ft,-83,S80,-85
TP3,12,VISITANTE_CETELI,-54,dlink-9A00,-55,CETELI_TREINAMENTOS,-55,CETELI_P&D,-55,CETELI_WIFI,-58,eduroam,-68,wifi-zone-ufam-1,-68,TPV,-74,S80,-85,BRITO_AP,-87
TP3,13,VISITANTE_CETELI,-54,CETELI_TREINAMENTOS,-54,CETELI_WIFI,-54,CETELI_P&D,-54,eduroam,-68,wifi-zone-ufam-1,-68,TPV,-73,BRITO_AP,-86,lpmc_ft,-86,S80,-86
TP3,14,CETELI_WIFI,-55,VISITANTE_CETELI,-55,CETELI_TREINAMENTOS,-55,CETELI_P&D,-55,dlink-9A00,-61,eduroam,-67,wifi-zone-ufam-1,-67,TPV,-70,S80,-85,BRITO_AP,-89
TP3,15,CETELI_WIFI,-58,VISITANTE_CETELI,-58,CETELI_P&D,-58,CETELI_TREINAMENTOS,-60,dlink-9A00,-64,eduroam,-68,wifi-zone-ufam-1,-69,TPV,-73,lpmc_ft,-87,IoT-zone-ufam,-88
TP3,16,CETELI_WIFI,-52,CETELI_TREINAMENTOS,-52,CETELI_P&D,-52,VISITANTE_CETELI,-53,dlink-9A00,-56,eduroam,-67,wifi-zone-ufam-1,-67,TPV,-73,BRITO_AP,-86,lpmc_ft,-86
TP3,17,CETELI_WIFI,-51,VISITANTE_CETELI,-51,CETELI_TREINAMENTOS,-51,CETELI_P&D,-51,eduroam,-68,wifi-zone-ufam-1,-68,TPV,-72,Hiram,-85,lpmc_ft,-85,BRITO_AP,-87
TP3,18,CETELI_P&D,-54,CETELI_WIFI,-55,VISITANTE_CETELI,-55,CETELI_TREINAMENTOS,-55,dlink-9A00,-57,eduroam,-67,wifi-zone-ufam-1,-67,TPV,-71,lpmc_ft,-84,Hiram,-86
TP3,19,CETELI_WIFI,-54,VISITANTE_CETELI,-55,CETELI_TREINAMENTOS,-55,CETELI_P&D,-55,dlink-9A00,-59,eduroam,-67,wifi-zone-ufam-1,-67,TPV,-73,lpmc_ft,-85,BRITO_AP,-87
TP3,20,VISITANTE_CETELI,-52,CETELI_P&D,-52,CETELI_WIFI,-53,CETELI_TREINAMENTOS,-53,dlink-9A00,-61,eduroam,-67,wifi-zone-ufam-1,-67,TPV,-72,Hiram,-84,BRITO_AP,-86
TP3,21,CETELI_WIFI,-51,VISITANTE_CETELI,-51,CETELI_TREINAMENTOS,-51,CETELI_P&D,-51,dlink-9A00,-66,eduroam,-67,wifi-zone-ufam-1,-67,TPV,-73,Hiram,-84,LAB_LME_2G,-86
TP3,22,CETELI_WIFI,-52,VISITANTE_CETELI,-52,CETELI_TREINAMENTOS,-53,CETELI_P&D,-55,dlink-9A00,-60,wifi-zone-ufam-1,-68,eduroam,-69,TPV,-72,S80,-86,LAB_LME_2G,-87
TP3,23,CETELI_WIFI,-53,VISITANTE_CETELI,-53,CETELI_TREINAMENTOS,-54,CETELI_P&D,-54,dlink-9A00,-59,eduroam,-68,wifi-zone-ufam-1,-68,TPV,-73,Hiram,-76,S80,-83
TP3,24,CETELI_WIFI,-52,VISITANTE_CETELI,-52,CETELI_TREINAMENTOS,-52,CETELI_P&D,-52,dlink-9A00,-61,eduroam,-68,wifi-zone-ufam-1,-68,TPV,-72,Hiram,-79,lpmc_ft,-85
TP3,25,VISITANTE_CETELI,-52,CETELI_TREINAMENTOS,-52,CETELI_WIFI,-52,CETELI_P&D,-52,dlink-9A00,-62,eduroam,-67,wifi-zone-ufam-1,-67,Hiram,-68,TPV,-77,BRITO_AP,-87
TP3,26,CETELI_TREINAMENTOS,-51,CETELI_WIFI,-51,CETELI_P&D,-51,VISITANTE_CETELI,-51,dlink-9A00,-59,eduroam,-68,wifi-zone-ufam-1,-68,TPV,-77,Hiram,-79,LAB_LME_2G,-79
TP3,27,CETELI_WIFI,-52,VISITANTE_CETELI,-52,CETELI_TREINAMENTOS,-52,CETELI_P&D,-53,dlink-9A00,-58,eduroam,-68,wifi-zone-ufam-1,-68,TPV,-69,Hiram,-80,BRITO_AP,-85
TP3,28,VISITANTE_CETELI,-53,CETELI_TREINAMENTOS,-53,CETELI_WIFI,-54,CETELI_P&D,-55,dlink-9A00,-58,eduroam,-68,wifi-zone-ufam-1,-68,TPV,-74,Hiram,-80,LAB_LME_2G,-80
TP3,29,CETELI_TREINAMENTOS,-54,CETELI_WIFI,-55,VISITANTE_CETELI,-55,CETELI_P&D,-57,dlink-9A00,-59,wifi-zone-ufam-1,-70,eduroam,-71,TPV,-77,LAB_LME_2G,-80,lpmc_ft,-84
TP3,30,VISITANTE_CETELI,-52,CETELI_WIFI,-52,CETELI_P&D,-52,CETELI_TREINAMENTOS,-53,dlink-9A00,-61,eduroam,-68,wifi-zone-ufam-1,-68,TPV,-73,lpmc_ft,-81,S80,-86
TP3,31,VISITANTE_CETELI,-51,CETELI_TREINAMENTOS,-51,CETELI_WIFI,-52,CETELI_P&D,-52,eduroam,-67,wifi-zone-ufam-1,-67,dlink-9A00,-68,TPV,-72,LAB_LME_2G,-80,IoT-zone-ufam,-88
TP3,32,CETELI_WIFI,-53,CETELI_P&D,-53,CETELI_TREINAMENTOS,-53,dlink-9A00,-57,VISITANTE_CETELI,-57,eduroam,-68,wifi-zone-ufam-1,-68,TPV,-76,lpmc_ft,-85,LAB_LME_2G,-85
TP3,33,CETELI_P&D,-49,CETELI_WIFI,-50,VISITANTE_CETELI,-50,CETELI_TREINAMENTOS,-50,eduroam,-66,wifi-zone-ufam-1,-66,dlink-9A00,-66,TPV,-73,S80,-87,BRITO_AP,-89
TP3,34,VISITANTE_CETELI,-53,CETELI_WIFI,-54,CETELI_TREINAMENTOS,-54,CETELI_P&D,-54,dlink-9A00,-59,wifi-zone-ufam-1,-67,eduroam,-68,TPV,-71,IoT-zone-ufam,-87,S80,-87
TP3,35,CETELI_WIFI,-52,VISITANTE_CETELI,-52,CETELI_TREINAMENTOS,-53,CETELI_P&D,-53,dlink-9A00,-58,eduroam,-67,wifi-zone-ufam-1,-67,TPV,-72,lpmc_ft,-83,IoT-zone-ufam,-88
TP3,36,CETELI_WIFI,-52,VISITANTE_CETELI,-53,CETELI_TREINAMENTOS,-53,CETELI_P&D,-53,dlink-9A00,-63,eduroam,-67,wifi-zone-ufam-1,-67,TPV,-76,lpmc_ft,-85,IoT-zone-ufam,-90
TP3,37,CETELI_P&D,-53,VISITANTE_CETELI,-54,CETELI_TREINAMENTOS,-54,CETELI_WIFI,-54,dlink-9A00,-63,eduroam,-67,wifi-zone-ufam-1,-67,Hiram,-74,TPV,-75,lpmc_ft,-85
TP3,38,CETELI_WIFI,-52,VISITANTE_CETELI,-53,CETELI_TREINAMENTOS,-53,CETELI_P&D,-53,dlink-9A00,-63,eduroam,-67,wifi-zone-ufam-1,-67,TPV,-73,Hiram,-83,S80,-85
TP3,39,CETELI_WIFI,-53,VISITANTE_CETELI,-53,CETELI_TREINAMENTOS,-53,CETELI_P&D,-54,dlink-9A00,-57,eduroam,-67,wifi-zone-ufam-1,-67,lpmc_ft,-86,EEGI_ADM,-88,IoT-zone-ufam,-91
TP3,40,VISITANTE_CETELI,-53,CETELI_WIFI,-53,CETELI_TREINAMENTOS,-54,CETELI_P&D,-54,dlink-9A00,-62,eduroam,-68,wifi-zone-ufam-1,-68,TPV,-75,Hiram,-83,IoT-zone-ufam,-89
TP3,41,CETELI_TREINAMENTOS,-56,VISITANTE_CETELI,-57,CETELI_WIFI,-57,CETELI_P&D,-57,dlink-9A00,-60,eduroam,-68,wifi-zone-ufam-1,-68,TPV,-74,lpmc_ft,-86,IoT-zone-ufam,-87
TP3,42,CETELI_TREINAMENTOS,-54,CETELI_WIFI,-54,CETELI_P&D,-54,VISITANTE_CETELI,-55,dlink-9A00,-65,eduroam,-68,wifi-zone-ufam-1,-68,TPV,-74,LAB_LME_2G,-79,IoT-zone-ufam,-87
TP3,43,VISITANTE_CETELI,-55,CETELI_TREINAMENTOS,-55,CETELI_P&D,-55,CETELI_WIFI,-56,dlink-9A00,-62,eduroam,-69,wifi-zone-ufam-1,-69,TPV,-74,Hiram,-85,S80,-85
TP3,44,VISITANTE_CETELI,-56,CETELI_TREINAMENTOS,-56,CETELI_WIFI,-56,CETELI_P&D,-56,dlink-9A00,-63,eduroam,-66,wifi-zone-ufam-1,-66,TPV,-73,lpmc_ft,-86,IoT-zone-ufam,-87
TP3,45,VISITANTE_CETELI,-55,CETELI_TREINAMENTOS,-55,CETELI_WIFI,-56,CETELI_P&D,-56,dlink-9A00,-61,eduroam,-67,wifi-zone-ufam-1,-67,TPV,-73,lpmc_ft,-80,S80,-85
TP3,46,CETELI_TREINAMENTOS,-55,CETELI_P&D,-55,CETELI_WIFI,-56,VISITANTE_CETELI,-56,dlink-9A00,-61,eduroam,-67,wifi-zone-ufam-1,-67,TPV,-73,lpmc_ft,-86,S80,-86
TP3,47,CETELI_TREINAMENTOS,-53,CETELI_WIFI,-54,VISITANTE_CETELI,-54,CETELI_P&D,-54,dlink-9A00,-61,eduroam,-67,wifi-zone-ufam-1,-67,TPV,-73,LAB_LME_2G,-81,lpmc_ft,-83
TP3,48,VISITANTE_CETELI,-54,CETELI_TREINAMENTOS,-54,CETELI_P&D,-54,CETELI_WIFI,-55,dlink-9A00,-63,eduroam,-67,wifi-zone-ufam-1,-67,TPV,-72,lpmc_ft,-86,S80,-86
TP3,49,CETELI_P&D,-54,CETELI_WIFI,-55,VISITANTE_CETELI,-55,CETELI_TREINAMENTOS,-55,dlink-9A00,-61,eduroam,-67,wifi-zone-ufam-1,-67,TPV,-73,lpmc_ft,-85,Hiram,-86
TP3,50,CETELI_WIFI,-53,VISITANTE_CETELI,-53,CETELI_TREINAMENTOS,-53,CETELI_P&D,-54,dlink-9A00,-62,eduroam,-67,wifi-zone-ufam-1,-67,TPV,-74,Hiram,-85,IoT-zone-ufam,-85
TP3,51,VISITANTE_CETELI,-54,CETELI_WIFI,-55,CETELI_TREINAMENTOS,-55,CETELI_P&D,-55,dlink-9A00,-61,eduroam,-67,wifi-zone-ufam-1,-67,TPV,-72,IoT-zone-ufam,-87,S80,-87
TP3,52,VISITANTE_CETELI,-55,CETELI_TREINAMENTOS,-55,CETELI_P&D,-55,CETELI_WIFI,-57,dlink-9A00,-61,eduroam,-67,wifi-zone-ufam-1,-67,TPV,-73,Hiram,-87,S80,-87
TP3,53,CETELI_WIFI,-53,VISITANTE_CETELI,-53,CETELI_TREINAMENTOS,-54,CETELI_P&D,-54,dlink-9A00,-61,eduroam,-68,wifi-zone-ufam-1,-68,TPV,-73,lpmc_ft,-84,S80,-85
TP3,54,VISITANTE_CETELI,-56,CETELI_TREINAMENTOS,-56,CETELI_P&D,-56,CETELI_WIFI,-57,dlink-9A00,-64,eduroam,-67,wifi-zone-ufam-1,-67,TPV,-73,BRITO_AP,-83,lpmc_ft,-86
TP3,55,CETELI_P&D,-53,CETELI_WIFI,-53,VISITANTE_CETELI,-53,CETELI_TREINAMENTOS,-53,dlink-9A00,-63,eduroam,-66,wifi-zone-ufam-1,-66,TPV,-74,S80,-89,EEGI_ADM,-92
TP3,56,CETELI_P&D,-54,CETELI_WIFI,-55,VISITANTE_CETELI,-55,CETELI_TREINAMENTOS,-55,dlink-9A00,-62,eduroam,-67,wifi-zone-ufam-1,-67,TPV,-73,BRITO_AP,-86,S80,-86
TP3,57,CETELI_TREINAMENTOS,-52,VISITANTE_CETELI,-53,CETELI_WIFI,-53,CETELI_P&D,-53,eduroam,-68,wifi-zone-ufam-1,-68,TPV,-72,BRITO_AP,-87,IoT-zone-ufam,-87,LAB_LME_2G,-88
TP3,58,VISITANTE_CETELI,-53,CETELI_TREINAMENTOS,-53,CETELI_WIFI,-54,CETELI_P&D,-54,dlink-9A00,-58,eduroam,-68,wifi-zone-ufam-1,-68,TPV,-74,S80,-86,IoT-zone-ufam,-88
TP3,59,CETELI_WIFI,-52,VISITANTE_CETELI,-52,CETELI_P&D,-52,CETELI_TREINAMENTOS,-53,dlink-9A00,-65,eduroam,-67,wifi-zone-ufam-1,-67,TPV,-76,S80,-85,IoT-zone-ufam,-89
TP3,60,VISITANTE_CETELI,-52,CETELI_TREINAMENTOS,-52,CETELI_P&D,-53,CETELI_WIFI,-55,dlink-9A00,-63,wifi-zone-ufam-1,-67,eduroam,-68,TPV,-72,S80,-86,BRITO_AP,-87
TP3,61,VISITANTE_CETELI,-52,CETELI_P&D,-52,CETELI_TREINAMENTOS,-53,CETELI_WIFI,-53,dlink-9A00,-58,wifi-zone-ufam-1,-67,eduroam,-67,TPV,-73,Hiram,-83,IoT-zone-ufam,-87
TP3,62,VISITANTE_CETELI,-53,CETELI_WIFI,-53,CETELI_TREINAMENTOS,-54,CETELI_P&D,-54,dlink-9A00,-58,eduroam,-67,wifi-zone-ufam-1,-67,TPV,-72,S80,-86,IoT-zone-ufam,-87
TP3,63,VISITANTE_CETELI,-52,CETELI_TREINAMENTOS,-53,CETELI_WIFI,-54,CETELI_P&D,-54,dlink-9A00,-63,eduroam,-68,wifi-zone-ufam-1,-68,TPV,-72,Hiram,-76,BRITO_AP,-85
TP3,64,CETELI_WIFI,-53,VISITANTE_CETELI,-53,CETELI_TREINAMENTOS,-54,CETELI_P&D,-55,dlink-9A00,-65,eduroam,-69,wifi-zone-ufam-1,-69,Hiram,-71,TPV,-73,lpmc_ft,-85
TP3,65,VISITANTE_CETELI,-53,CETELI_TREINAMENTOS,-53,CETELI_P&D,-53,CETELI_WIFI,-54,dlink-9A00,-62,eduroam,-67,wifi-zone-ufam-1,-67,Hiram,-69,TPV,-73,S80,-83
TP3,66,CETELI_WIFI,-53,CETELI_P&D,-53,VISITANTE_CETELI,-54,CETELI_TREINAMENTOS,-54,dlink-9A00,-58,eduroam,-67,wifi-zone-ufam-1,-67,TPV,-73,Hiram,-81,S80,-85
TP3,67,CETELI_TREINAMENTOS,-53,VISITANTE_CETELI,-54,CETELI_WIFI,-54,CETELI_P&D,-54,dlink-9A00,-61,eduroam,-70,wifi-zone-ufam-1,-70,Hiram,-72,TPV,-75,S80,-86
TP3,68,CETELI_WIFI,-52,CETELI_P&D,-52,VISITANTE_CETELI,-54,CETELI_TREINAMENTOS,-54,dlink-9A00,-65,eduroam,-66,wifi-zone-ufam-1,-66,TPV,-70,Hiram,-76,lpmc_ft,-82
TP3,69,VISITANTE_CETELI,-53,CETELI_TREINAMENTOS,-53,CETELI_P&D,-53,CETELI_WIFI,-54,dlink-9A00,-63,eduroam,-67,wifi-zone-ufam-1,-67,TPV,-72,Hiram,-75,lpmc_ft,-83
TP3,70,VISITANTE_CETELI,-53,CETELI_TREINAMENTOS,-53,CETELI_WIFI,-53,CETELI_P&D,-53,dlink-9A00,-69,wifi-zone-ufam-1,-70,eduroam,-71,TPV,-74,Hiram,-78,BRITO_AP,-86
TP3,71,CETELI_WIFI,-52,CETELI_P&D,-52,VISITANTE_CETELI,-52,CETELI_TREINAMENTOS,-57,dlink-9A00,-64,eduroam,-67,wifi-zone-ufam-1,-68,TPV,-70,Hiram,-74,lpmc_ft,-86
TP3,72,CETELI_WIFI,-54,VISITANTE_CETELI,-54,CETELI_P&D,-54,CETELI_TREINAMENTOS,-55,dlink-9A00,-58,eduroam,-68,wifi-zone-ufam-1,-69,TPV,-73,Hiram,-82,lpmc_ft,-85
TP3,73,CETELI_P&D,-54,CETELI_WIFI,-55,VISITANTE_CETELI,-55,CETELI_TREINAMENTOS,-55,dlink-9A00,-56,eduroam,-68,wifi-zone-ufam-1,-68,TPV,-74,Hiram,-85,lpmc_ft,-87
TP3,74,CETELI_TREINAMENTOS,-52,CETELI_P&D,-52,CETELI_WIFI,-53,VISITANTE_CETELI,-53,dlink-9A00,-56,eduroam,-67,wifi-zone-ufam-1,-67,Hiram,-71,TPV,-74,BRITO_AP,-87
TP3,75,CETELI_TREINAMENTOS,-52,CETELI_WIFI,-53,CETELI_P&D,-53,VISITANTE_CETELI,-55,dlink-9A00,-56,eduroam,-67,wifi-zone-ufam-1,-68,TPV,-74,Hiram,-83,IoT-zone-ufam,-86
TP3,76,CETELI_WIFI,-51,CETELI_TREINAMENTOS,-52,CETELI_P&D,-52,VISITANTE_CETELI,-53,dlink-9A00,-66,eduroam,-67,wifi-zone-ufam-1,-67,TPV,-73,Hiram,-74,lpmc_ft,-84
TP3,77,CETELI_TREINAMENTOS,-51,CETELI_P&D,-51,CETELI_WIFI,-52,VISITANTE_CETELI,-52,eduroam,-69,wifi-zone-ufam-1,-69,Hiram,-73,TPV,-73,lpmc_ft,-83,S80,-85
TP3,78,CETELI_WIFI,-51,VISITANTE_CETELI,-52,CETELI_P&D,-52,CETELI_TREINAMENTOS,-54,eduroam,-67,wifi-zone-ufam-1,-67,TPV,-69,Hiram,-76,lpmc_ft,-84,IoT-zone-ufam,-86
TP3,79,VISITANTE_CETELI,-50,CETELI_TREINAMENTOS,-50,CETELI_WIFI,-50,CETELI_P&D,-50,dlink-9A00,-68,eduroam,-69,wifi-zone-ufam-1,-69,TPV,-74,Hiram,-82,BRITO_AP,-88
TP3,80,VISITANTE_CETELI,-55,CETELI_TREINAMENTOS,-55,CETELI_P&D,-55,CETELI_WIFI,-56,dlink-9A00,-58,wifi-zone-ufam-1,-67,eduroam,-67,TPV,-74,Hiram,-77,BRITO_AP,-85
TP3,81,CETELI_WIFI,-56,VISITANTE_CETELI,-57,CETELI_TREINAMENTOS,-57,CETELI_P&D,-57,dlink-9A00,-65,eduroam,-67,wifi-zone-ufam-1,-67,Hiram,-68,TPV,-74,lpmc_ft,-85
TP3,82,CETELI_P&D,-59,CETELI_WIFI,-60,VISITANTE_CETELI,-60,CETELI_TREINAMENTOS,-60,eduroam,-66,wifi-zone-ufam-1,-66,Hiram,-70,TPV,-76,lpmc_ft,-83,BRITO_AP,-87
TP3,83,CETELI_WIFI,-52,VISITANTE_CETELI,-52,CETELI_TREINAMENTOS,-52,CETELI_P&D,-53,dlink-9A00,-56,eduroam,-65,wifi-zone-ufam-1,-65,TPV,-73,Hiram,-76,lpmc_ft,-86
TP3,84,dlink-9A00,-56,CETELI_P&D,-57,VISITANTE_CETELI,-58,CETELI_TREINAMENTOS,-58,CETELI_WIFI,-58,eduroam,-66,wifi-zone-ufam-1,-66,TPV,-75,Hiram,-76,lpmc_ft,-83
TP3,85,VISITANTE_CETELI,-55,dlink-9A00,-56,CETELI_TREINAMENTOS,-56,CETELI_WIFI,-56,CETELI_P&D,-56,eduroam,-67,wifi-zone-ufam-1,-67,TPV,-74,Hiram,-77,lpmc_ft,-84
TP3,86,CETELI_TREINAMENTOS,-51,CETELI_WIFI,-52,VISITANTE_CETELI,-52,CETELI_P&D,-52,TPV,-67,eduroam,-67,wifi-zone-ufam-1,-67,Hiram,-68,dlink-9A00,-69,S80,-87
TP3,87,CETELI_WIFI,-53,VISITANTE_CETELI,-53,CETELI_TREINAMENTOS,-53,CETELI_P&D,-53,eduroam,-67,wifi-zone-ufam-1,-67,Hiram,-71,TPV,-76,IoT-zone-ufam,-88,BRITO_AP,-89
TP3,88,CETELI_WIFI,-54,CETELI_P&D,-54,VISITANTE_CETELI,-55,CETELI_TREINAMENTOS,-55,dlink-9A00,-60,eduroam,-68,wifi-zone-ufam-1,-68,Hiram,-72,TPV,-74,BRITO_AP,-85
TP3,89,CETELI_WIFI,-52,VISITANTE_CETELI,-52,CETELI_TREINAMENTOS,-52,CETELI_P&D,-52,dlink-9A00,-64,eduroam,-68,wifi-zone-ufam-1,-68,Hiram,-70,TPV,-76,BRITO_AP,-87
TP3,90,CETELI_WIFI,-53,VISITANTE_CETELI,-53,CETELI_TREINAMENTOS,-54,CETELI_P&D,-54,dlink-9A00,-62,eduroam,-67,wifi-zone-ufam-1,-67,Hiram,-73,TPV,-73,BRITO_AP,-85
TP3,91,dlink-9A00,-55,CETELI_WIFI,-55,VISITANTE_CETELI,-57,CETELI_TREINAMENTOS,-57,CETELI_P&D,-58,eduroam,-67,wifi-zone-ufam-1,-67,TPV,-72,Hiram,-73,lpmc_ft,-84
TP3,92,CETELI_WIFI,-55,VISITANTE_CETELI,-55,CETELI_TREINAMENTOS,-56,CETELI_P&D,-56,dlink-9A00,-60,wifi-zone-ufam-1,-67,eduroam,-68,Hiram,-72,TPV,-73,lpmc_ft,-86
TP3,93,CETELI_WIFI,-52,VISITANTE_CETELI,-52,CETELI_TREINAMENTOS,-52,CETELI_P&D,-53,wifi-zone-ufam-1,-68,eduroam,-69,TPV,-75,Hiram,-76,S80,-86,lpmc_ft,-88
TP3,94,VISITANTE_CETELI,-52,CETELI_TREINAMENTOS,-52,CETELI_WIFI,-53,CETELI_P&D,-53,dlink-9A00,-58,eduroam,-69,wifi-zone-ufam-1,-69,Hiram,-71,TPV,-73,BRITO_AP,-88
TP3,95,VISITANTE_CETELI,-52,CETELI_TREINAMENTOS,-52,CETELI_WIFI,-52,CETELI_P&D,-52,dlink-9A00,-65,eduroam,-68,wifi-zone-ufam-1,-68,Hiram,-72,TPV,-76,IoT-zone-ufam,-88
TP3,96,VISITANTE_CETELI,-53,CETELI_TREINAMENTOS,-54,CETELI_WIFI,-54,CETELI_P&D,-54,eduroam,-67,wifi-zone-ufam-1,-67,TPV,-74,Hiram,-77,lpmc_ft,-84,BRITO_AP,-86
TP3,97,CETELI_WIFI,-52,VISITANTE_CETELI,-53,CETELI_TREINAMENTOS,-53,CETELI_P&D,-53,dlink-9A00,-60,eduroam,-67,wifi-zone-ufam-1,-67,Hiram,-72,TPV,-72,lpmc_ft,-83
TP3,98,CETELI_WIFI,-53,VISITANTE_CETELI,-54,CETELI_TREINAMENTOS,-54,CETELI_P&D,-54,dlink-9A00,-58,eduroam,-68,wifi-zone-ufam-1,-68,Hiram,-71,TPV,-72,S80,-85
TP3,99,CETELI_WIFI,-51,CETELI_TREINAMENTOS,-51,CETELI_P&D,-51,VISITANTE_CETELI,-52,dlink-9A00,-58,eduroam,-67,wifi-zone-ufam-1,-68,TPV,-70,Hiram,-72,BRITO_AP,-89
TP3,100,CETELI_WIFI,-54,CETELI_TREINAMENTOS,-54,VISITANTE_CETELI,-55,CETELI_P&D,-55,dlink-9A00,-65,eduroam,-66,wifi-zone-ufam-1,-66,TPV,-77,Hiram,-79,IoT-zone-ufam,-86
TP3,101,dlink-9A00,-58,VISITANTE_CETELI,-59,CETELI_TREINAMENTOS,-59,CETELI_WIFI,-59,CETELI_P&D,-60,eduroam,-67,wifi-zone-ufam-1,-67,TPV,-75,BRITO_AP,-84,Hiram,-86
TP3,102,CETELI_WIFI,-54,VISITANTE_CETELI,-55,CETELI_P&D,-55,CETELI_TREINAMENTOS,-56,dlink-9A00,-65,eduroam,-67,wifi-zone-ufam-1,-67,TPV,-74,Hiram,-83,lpmc_ft,-84
TP3,103,CETELI_WIFI,-53,CETELI_TREINAMENTOS,-53,CETELI_P&D,-53,VISITANTE_CETELI,-54,dlink-9A00,-64,eduroam,-67,wifi-zone-ufam-1,-68,Hiram,-69,TPV,-75,IoT-zone-ufam,-85
TP3,104,CETELI_WIFI,-55,VISITANTE_CETELI,-55,CETELI_TREINAMENTOS,-55,CETELI_P&D,-55,Hiram,-64,eduroam,-68,wifi-zone-ufam-1,-69,TPV,-74,IoT-zone-ufam,-85,S80,-85
TP3,105,CETELI_P&D,-51,CETELI_WIFI,-52,VISITANTE_CETELI,-52,CETELI_TREINAMENTOS,-52,Hiram,-60,eduroam,-67,wifi-zone-ufam-1,-67,TPV,-71,IoT-zone-ufam,-87,S80,-88
TP3,106,CETELI_WIFI,-52,VISITANTE_CETELI,-52,CETELI_TREINAMENTOS,-52,CETELI_P&D,-56,dlink-9A00,-60,Hiram,-64,eduroam,-67,wifi-zone-ufam-1,-67,TPV,-76,BRITO_AP,-85
TP3,107,CETELI_TREINAMENTOS,-54,VISITANTE_CETELI,-55,CETELI_WIFI,-55,CETELI_P&D,-55,Hiram,-66,eduroam,-67,wifi-zone-ufam-1,-67,TPV,-73,lpmc_ft,-86,BRITO_AP,-89
TP3,108,CETELI_WIFI,-56,VISITANTE_CETELI,-56,CETELI_TREINAMENTOS,-56,dlink-9A00,-57,CETELI_P&D,-57,Hiram,-64,eduroam,-67,wifi-zone-ufam-1,-67,TPV,-71,IoT-zone-ufam,-88
TP3,109,dlink-9A00,-57,CETELI_TREINAMENTOS,-57,CETELI_WIFI,-58,VISITANTE_CETELI,-59,CETELI_P&D,-59,eduroam,-67,wifi-zone-ufam-1,-67,TPV,-70,Hiram,-72,lpmc_ft,-80
TP3,110,VISITANTE_CETELI,-59,CETELI_WIFI,-59,CETELI_TREINAMENTOS,-60,CETELI_P&D,-60,Hiram,-66,eduroam,-67,wifi-zone-ufam-1,-68,dlink-9A00,-68,TPV,-75,lpmc_ft,-87
TP3,111,CETELI_WIFI,-55,VISITANTE_CETELI,-55,CETELI_P&D,-55,CETELI_TREINAMENTOS,-57,Hiram,-64,dlink-9A00,-67,eduroam,-68,wifi-zone-ufam-1,-68,TPV,-79,LAB_LME_2G,-88
TP3,112,CETELI_WIFI,-54,VISITANTE_CETELI,-54,CETELI_TREINAMENTOS,-54,CETELI_P&D,-54,Hiram,-62,eduroam,-68,wifi-zone-ufam-1,-68,TPV,-73,lpmc_ft,-87,BRITO_AP,-88
TP3,113,CETELI_WIFI,-52,VISITANTE_CETELI,-53,CETELI_TREINAMENTOS,-53,CETELI_P&D,-53,dlink-9A00,-59,Hiram,-65,eduroam,-66,wifi-zone-ufam-1,-66,TPV,-77,IoT-zone-ufam,-87
TP3,114,CETELI_WIFI,-56,VISITANTE_CETELI,-56,CETELI_TREINAMENTOS,-56,CETELI_P&D,-56,Hiram,-62,dlink-9A00,-64,eduroam,-70,wifi-zone-ufam-1,-70,TPV,-77,lpmc_ft,-85
TP3,115,VISITANTE_CETELI,-55,CETELI_TREINAMENTOS,-55,CETELI_P&D,-55,CETELI_WIFI,-56,Hiram,-65,wifi-zone-ufam-1,-67,eduroam,-68,TPV,-72,lpmc_ft,-86,S80,-87
TP3,116,CETELI_WIFI,-55,VISITANTE_CETELI,-55,CETELI_TREINAMENTOS,-55,CETELI_P&D,-55,dlink-9A00,-59,Hiram,-65,eduroam,-67,wifi-zone-ufam-1,-67,TPV,-73,lpmc_ft,-87
TP3,117,CETELI_WIFI,-56,VISITANTE_CETELI,-56,CETELI_TREINAMENTOS,-56,CETELI_P&D,-56,dlink-9A00,-57,Hiram,-64,eduroam,-66,wifi-zone-ufam-1,-66,TPV,-72,lpmc_ft,-84
TP3,118,VISITANTE_CETELI,-54,CETELI_WIFI,-54,CETELI_TREINAMENTOS,-55,CETELI_P&D,-55,dlink-9A00,-60,eduroam,-68,wifi-zone-ufam-1,-68,TPV,-74,Hiram,-75,lpmc_ft,-86
TP3,119,CETELI_P&D,-51,VISITANTE_CETELI,-51,CETELI_WIFI,-52,CETELI_TREINAMENTOS,-54,dlink-9A00,-57,eduroam,-69,wifi-zone-ufam-1,-69,TPV,-70,Hiram,-74,IoT-zone-ufam,-87
TP3,120,CETELI_WIFI,-53,VISITANTE_CETELI,-54,CETELI_P&D,-54,CETELI_TREINAMENTOS,-55,dlink-9A00,-65,eduroam,-68,wifi-zone-ufam-1,-68,TPV,-71,Hiram,-74,S80,-86
TP4,1,TPV,-57,CETELI_WIFI,-59,CETELI_TREINAMENTOS,-59,CETELI_P&D,-60,eduroam,-62,wifi-zone-ufam-1,-62,VISITANTE_CETELI,-62,Hiram,-68,dlink-9A00,-73,S80,-81
TP4,2,TPV,-60,eduroam,-61,wifi-zone-ufam-1,-61,CETELI_WIFI,-62,VISITANTE_CETELI,-64,dlink-9A00,-65,CETELI_TREINAMENTOS,-65,CETELI_P&D,-66,Hiram,-68,S80,-82
TP4,3,TPV,-59,eduroam,-64,wifi-zone-ufam-1,-64,CETELI_WIFI,-65,CETELI_TREINAMENTOS,-65,Hiram,-66,VISITANTE_CETELI,-66,dlink-9A00,-67,CETELI_P&D,-67,LAB_LME_2G,-82
TP4,4,TPV,-59,eduroam,-62,wifi-zone-ufam-1,-62,dlink-9A00,-63,CETELI_TREINAMENTOS,-67,Hiram,-69,CETELI_WIFI,-69,CETELI_P&D,-69,VISITANTE_CETELI,-70,S80,-79
TP4,5,TPV,-59,eduroam,-61,wifi-zone-ufam-1,-61,CETELI_P&D,-66,dlink-9A00,-67,VISITANTE_CETELI,-69,CETELI_TREINAMENTOS,-69,CETELI_WIFI,-70,S80,-81,Hiram,-82
TP4,6,TPV,-59,eduroam,-65,wifi-zone-ufam-1,-65,CETELI_TREINAMENTOS,-67,CETELI_P&D,-67,VISITANTE_CETELI,-68,CETELI_WIFI,-69,S80,-82,Hiram,-86,EEGI_ADM,-89
TP4,7,TPV,-60,eduroam,-63,wifi-zone-ufam-1,-63,CETELI_WIFI,-66,CETELI_TREINAMENTOS,-66,dlink-9A00,-67,CETELI_P&D,-68,VISITANTE_CETELI,-69,S80,-81,LAB_LME_2G,-85
TP4,8,eduroam,-62,wifi-zone-ufam-1,-62,CETELI_P&D,-66,dlink-9A00,-68,CETELI_WIFI,-69,VISITANTE_CETELI,-69,CETELI_TREINAMENTOS,-69,S80,-82,lpmc_ft,-86,IoT-zone-ufam,-90
TP4,9,TPV,-59,eduroam,-62,wifi-zone-ufam-1,-62,dlink-9A00,-66,CETELI_WIFI,-69,CETELI_P&D,-69,VISITANTE_CETELI,-69,CETELI_TREINAMENTOS,-70,S80,-82,lpmc_ft,-88
TP4,10,TPV,-60,eduroam,-61,wifi-zone-ufam-1,-61,dlink-9A00,-66,CETELI_TREINAMENTOS,-69,CETELI_P&D,-69,VISITANTE_CETELI,-70,CETELI_WIFI,-71,lpmc_ft,-87,EEGI_ADM,-90
TP4,11,TPV,-59,eduroam,-62,wifi-zone-ufam-1,-62,dlink-9A00,-67,CETELI_P&D,-67,CETELI_WIFI,-68,CETELI_TREINAMENTOS,-68,VISITANTE_CETELI,-69,S80,-83,Hiram,-86
TP4,12,TPV,-59,eduroam,-63,wifi-zone-ufam-1,-64,VISITANTE_CETELI,-67,CETELI_TREINAMENTOS,-67,CETELI_WIFI,-67,CETELI_P&D,-67,dlink-9A00,-68,Hiram,-75,S80,-82
TP4,13,TPV,-59,eduroam,-60,wifi-zone-ufam-1,-60,dlink-9A00,-65,VISITANTE_CETELI,-68,CETELI_TREINAMENTOS,-68,CETELI_P&D,-68,CETELI_WIFI,-69,S80,-81,Hiram,-84
TP4,14,TPV,-59,eduroam,-60,wifi-zone-ufam-1,-60,dlink-9A00,-64,VISITANTE_CETELI,-70,CETELI_P&D,-71,CETELI_WIFI,-71,CETELI_TREINAMENTOS,-72,Hiram,-78,S80,-82
TP4,15,TPV,-58,eduroam,-59,wifi-zone-ufam-1,-59,dlink-9A00,-68,VISITANTE_CETELI,-71,CETELI_WIFI,-71,CETELI_TREINAMENTOS,-71,CETELI_P&D,-71,Hiram,-79,LAB_LME_2G,-81
TP4,16,TPV,-58,eduroam,-59,wifi-zone-ufam-1,-59,dlink-9A00,-63,VISITANTE_CETELI,-69,CETELI_P&D,-69,CETELI_WIFI,-70,CETELI_TREINAMENTOS,-70,Hiram,-76,S80,-83
TP4,17,TPV,-59,eduroam,-60,wifi-zone-ufam-1,-61,dlink-9A00,-68,VISITANTE_CETELI,-68,CETELI_TREINAMENTOS,-68,CETELI_WIFI,-68,CETELI_P&D,-69,SISREI,-83,Hiram,-86
TP4,18,TPV,-59,eduroam,-61,wifi-zone-ufam-1,-61,CETELI_P&D,-65,CETELI_TREINAMENTOS,-67,CETELI_WIFI,-67,VISITANTE_CETELI,-68,S80,-81,SISREI,-84,Hiram,-88
TP4,19,TPV,-59,eduroam,-63,wifi-zone-ufam-1,-63,CETELI_TREINAMENTOS,-66,CETELI_P&D,-66,CETELI_WIFI,-67,VISITANTE_CETELI,-67,S80,-82,lpmc_ft,-86,EEGI_ADM,-88
TP4,20,TPV,-59,eduroam,-63,wifi-zone-ufam-1,-63,CETELI_WIFI,-67,VISITANTE_CETELI,-68,CETELI_TREINAMENTOS,-69,CETELI_P&D,-69,BRITO_AP,-88,IoT-zone-ufam,-89,EEGI_ADM,-90
TP4,21,TPV,-61,eduroam,-61,wifi-zone-ufam-1,-61,dlink-9A00,-68,CETELI_WIFI,-69,VISITANTE_CETELI,-70,CETELI_TREINAMENTOS,-70,CETELI_P&D,-70,S80,-80,LAB_LME_2G,-85
TP4,22,TPV,-58,eduroam,-62,wifi-zone-ufam-1,-62,CETELI_WIFI,-69,CETELI_P&D,-69,VISITANTE_CETELI,-69,CETELI_TREINAMENTOS,-69,S80,-80,EEGI_ADM,-87,lpmc_ft,-88
TP4,23,TPV,-59,dlink-9A00,-59,eduroam,-62,wifi-zone-ufam-1,-62,VISITANTE_CETELI,-66,CETELI_TREINAMENTOS,-66,CETELI_WIFI,-66,CETELI_P&D,-66,S80,-81,IoT-zone-ufam,-89
TP4,24,eduroam,-63,wifi-zone-ufam-1,-63,CETELI_P&D,-63,VISITANTE_CETELI,-64,CETELI_TREINAMENTOS,-64,CETELI_WIFI,-65,dlink-9A00,-67,TPV,-73,S80,-82,IoT-zone-ufam,-86
TP4,25,eduroam,-63,wifi-zone-ufam-1,-63,CETELI_WIFI,-67,VISITANTE_CETELI,-68,CETELI_TREINAMENTOS,-68,CETELI_P&D,-68,TPV,-69,dlink-9A00,-69,S80,-81,lpmc_ft,-83
TP4,26,eduroam,-62,wifi-zone-ufam-1,-62,TPV,-63,dlink-9A00,-66,CETELI_TREINAMENTOS,-67,VISITANTE_CETELI,-67,CETELI_P&D,-68,CETELI_WIFI,-69,S80,-83,LAB_LME_2G,-87
TP4,27,wifi-zone-ufam-1,-61,eduroam,-62,TPV,-63,CETELI_WIFI,-65,CETELI_P&D,-65,VISITANTE_CETELI,-66,CETELI_TREINAMENTOS,-66,dlink-9A00,-71,S80,-80,SISREI,-84
TP4,28,TPV,-60,eduroam,-61,wifi-zone-ufam-1,-62,dlink-9A00,-66,CETELI_WIFI,-67,VISITANTE_CETELI,-69,CETELI_TREINAMENTOS,-70,CETELI_P&D,-70,S80,-82,lpmc_ft,-87
TP4,29,TPV,-59,eduroam,-61,wifi-zone-ufam-1,-61,CETELI_P&D,-63,VISITANTE_CETELI,-64,CETELI_WIFI,-64,CETELI_TREINAMENTOS,-65,dlink-9A00,-66,S80,-81,lpmc_ft,-87
TP4,30,TPV,-59,CETELI_P&D,-60,eduroam,-61,wifi-zone-ufam-1,-61,VISITANTE_CETELI,-61,CETELI_TREINAMENTOS,-61,CETELI_WIFI,-62,dlink-9A00,-68,S80,-83,lpmc_ft,-88
TP4,31,dlink-9A00,-60,TPV,-61,eduroam,-61,wifi-zone-ufam-1,-61,CETELI_WIFI,-62,VISITANTE_CETELI,-62,CETELI_TREINAMENTOS,-62,CETELI_P&D,-62,S80,-82,IoT-zone-ufam,-89
TP4,32,TPV,-59,VISITANTE_CETELI,-60,CETELI_TREINAMENTOS,-60,CETELI_P&D,-60,CETELI_WIFI,-62,eduroam,-63,wifi-zone-ufam-1,-63,dlink-9A00,-67,S80,-81,BRITO_AP,-90
TP4,33,TPV,-60,eduroam,-61,wifi-zone-ufam-1,-61,dlink-9A00,-69,CETELI_WIFI,-70,VISITANTE_CETELI,-70,CETELI_TREINAMENTOS,-71,CETELI_P&D,-71,lpmc_ft,-87,EEGI_ADM,-91
TP4,34,TPV,-59,CETELI_WIFI,-65,CETELI_TREINAMENTOS,-65,eduroam,-66,wifi-zone-ufam-1,-66,VISITANTE_CETELI,-66,CETELI_P&D,-67,dlink-9A00,-69,,,,,
TP4,35,TPV,-58,eduroam,-62,wifi-zone-ufam-1,-62,dlink-9A00,-64,CETELI_WIFI,-67,CETELI_P&D,-67,VISITANTE_CETELI,-67,CETELI_TREINAMENTOS,-68,S80,-82,lpmc_ft,-87
TP4,36,TPV,-60,eduroam,-63,wifi-zone-ufam-1,-63,dlink-9A00,-68,CETELI_TREINAMENTOS,-70,CETELI_WIFI,-71,VISITANTE_CETELI,-71,CETELI_P&D,-71,S80,-81,SISREI,-88
TP4,37,TPV,-59,eduroam,-63,wifi-zone-ufam-1,-63,VISITANTE_CETELI,-64,dlink-9A00,-66,CETELI_WIFI,-67,CETELI_TREINAMENTOS,-67,CETELI_P&D,-67,S80,-81,LAB_LME_2G,-89
TP4,38,TPV,-59,eduroam,-62,wifi-zone-ufam-1,-62,CETELI_WIFI,-66,VISITANTE_CETELI,-66,CETELI_P&D,-66,CETELI_TREINAMENTOS,-67,dlink-9A00,-69,S80,-81,BRITO_AP,-87
TP4,39,TPV,-58,eduroam,-63,wifi-zone-ufam-1,-63,CETELI_TREINAMENTOS,-63,CETELI_WIFI,-64,VISITANTE_CETELI,-64,CETELI_P&D,-64,dlink-9A00,-69,S80,-84,BRITO_AP,-86
TP4,40,TPV,-59,eduroam,-61,wifi-zone-ufam-1,-61,dlink-9A00,-65,CETELI_TREINAMENTOS,-68,CETELI_P&D,-68,CETELI_WIFI,-69,VISITANTE_CETELI,-69,S80,-82,lpmc_ft,-86
TP4,41,TPV,-60,eduroam,-62,wifi-zone-ufam-1,-62,dlink-9A00,-64,VISITANTE_CETELI,-69,CETELI_WIFI,-70,CETELI_TREINAMENTOS,-70,CETELI_P&D,-70,S80,-81,lpmc_ft,-85
TP4,42,eduroam,-61,wifi-zone-ufam-1,-61,TPV,-62,dlink-9A00,-63,VISITANTE_CETELI,-64,CETELI_WIFI,-64,CETELI_P&D,-64,CETELI_TREINAMENTOS,-65,S80,-81,lpmc_ft,-85
TP4,43,TPV,-61,eduroam,-63,wifi-zone-ufam-1,-63,dlink-9A00,-64,CETELI_TREINAMENTOS,-68,CETELI_P&D,-68,CETELI_WIFI,-69,VISITANTE_CETELI,-70,S80,-81,lpmc_ft,-89
TP4,44,TPV,-60,eduroam,-62,wifi-zone-ufam-1,-62,dlink-9A00,-63,CETELI_P&D,-68,CETELI_WIFI,-69,VISITANTE_CETELI,-70,CETELI_TREINAMENTOS,-70,S80,-83,lpmc_ft,-86
TP4,45,TPV,-58,wifi-zone-ufam-1,-61,eduroam,-62,CETELI_WIFI,-66,CETELI_P&D,-66,CETELI_TREINAMENTOS,-67,dlink-9A00,-68,VISITANTE_CETELI,-68,S80,-82,lpmc_ft,-85
TP4,46,TPV,-58,VISITANTE_CETELI,-61,CETELI_TREINAMENTOS,-62,CETELI_WIFI,-62,CETELI_P&D,-62,eduroam,-64,wifi-zone-ufam-1,-64,dlink-9A00,-71,S80,-82,LAB_LME_2G,-83
TP4,47,TPV,-59,eduroam,-63,wifi-zone-ufam-1,-63,dlink-9A00,-63,CETELI_TREINAMENTOS,-63,CETELI_WIFI,-63,CETELI_P&D,-63,VISITANTE_CETELI,-64,S80,-81,lpmc_ft,-86
TP4,48,TPV,-60,eduroam,-63,wifi-zone-ufam-1,-63,CETELI_TREINAMENTOS,-65,dlink-9A00,-66,CETELI_WIFI,-66,VISITANTE_CETELI,-66,CETELI_P&D,-66,S80,-81,lpmc_ft,-87
TP4,49,TPV,-60,eduroam,-63,wifi-zone-ufam-1,-63,dlink-9A00,-66,CETELI_WIFI,-68,CETELI_P&D,-69,VISITANTE_CETELI,-70,CETELI_TREINAMENTOS,-70,S80,-81,SISREI,-87
TP4,50,TPV,-60,eduroam,-63,wifi-zone-ufam-1,-63,CETELI_WIFI,-69,CETELI_TREINAMENTOS,-69,dlink-9A00,-70,VISITANTE_CETELI,-70,CETELI_P&D,-70,S80,-83,EEGI_ADM,-89
TP4,51,CETELI_WIFI,-60,VISITANTE_CETELI,-60,CETELI_TREINAMENTOS,-60,CETELI_P&D,-60,TPV,-61,wifi-zone-ufam-1,-64,eduroam,-65,dlink-9A00,-73,S80,-86,BRITO_AP,-88
TP4,52,TPV,-63,dlink-9A00,-64,eduroam,-65,wifi-zone-ufam-1,-65,VISITANTE_CETELI,-66,CETELI_TREINAMENTOS,-66,CETELI_P&D,-66,CETELI_WIFI,-67,S80,-82,BRITO_AP,-87
TP4,53,TPV,-59,eduroam,-64,wifi-zone-ufam-1,-64,CETELI_TREINAMENTOS,-67,CETELI_P&D,-67,dlink-9A00,-68,VISITANTE_CETELI,-68,CETELI_WIFI,-68,S80,-84,lpmc_ft,-88
TP4,54,TPV,-59,eduroam,-62,wifi-zone-ufam-1,-62,dlink-9A00,-65,CETELI_WIFI,-67,CETELI_TREINAMENTOS,-67,CETELI_P&D,-67,VISITANTE_CETELI,-68,S80,-80,lpmc_ft,-86
TP4,55,TPV,-59,eduroam,-64,wifi-zone-ufam-1,-65,CETELI_WIFI,-65,VISITANTE_CETELI,-66,CETELI_TREINAMENTOS,-66,CETELI_P&D,-66,dlink-9A00,-67,S80,-81,lpmc_ft,-86
TP4,56,TPV,-59,eduroam,-63,wifi-zone-ufam-1,-63,VISITANTE_CETELI,-66,CETELI_TREINAMENTOS,-66,CETELI_P&D,-66,CETELI_WIFI,-67,dlink-9A00,-68,S80,-82,SISREI,-87
TP4,57,TPV,-59,eduroam,-62,wifi-zone-ufam-1,-63,CETELI_P&D,-65,VISITANTE_CETELI,-66,CETELI_TREINAMENTOS,-66,CETELI_WIFI,-66,dlink-9A00,-68,SISREI,-87,BRITO_AP,-89
TP4,58,TPV,-59,eduroam,-64,wifi-zone-ufam-1,-64,dlink-9A00,-65,CETELI_P&D,-65,CETELI_WIFI,-66,VISITANTE_CETELI,-66,CETELI_TREINAMENTOS,-66,EEGI_ADM,-90,BRITO_AP,-91
TP4,59,TPV,-59,eduroam,-62,wifi-zone-ufam-1,-62,CETELI_P&D,-65,CETELI_TREINAMENTOS,-66,CETELI_WIFI,-66,VISITANTE_CETELI,-67,dlink-9A00,-68,lpmc_ft,-87,SISREI,-88
TP4,60,TPV,-60,wifi-zone-ufam-1,-62,eduroam,-63,CETELI_TREINAMENTOS,-66,CETELI_P&D,-67,CETELI_WIFI,-67,dlink-9A00,-68,VISITANTE_CETELI,-68,S80,-82,lpmc_ft,-86
TP4,61,TPV,-60,eduroam,-62,wifi-zone-ufam-1,-62,CETELI_WIFI,-66,VISITANTE_CETELI,-67,CETELI_TREINAMENTOS,-67,CETELI_P&D,-67,dlink-9A00,-68,lpmc_ft,-87,SISREI,-87
TP4,62,TPV,-60,eduroam,-62,wifi-zone-ufam-1,-62,dlink-9A00,-62,CETELI_WIFI,-64,CETELI_P&D,-66,VISITANTE_CETELI,-67,CETELI_TREINAMENTOS,-67,S80,-82,SISREI,-88
TP4,63,TPV,-60,eduroam,-61,wifi-zone-ufam-1,-61,CETELI_WIFI,-64,dlink-9A00,-65,CETELI_P&D,-66,VISITANTE_CETELI,-67,CETELI_TREINAMENTOS,-67,LAB_LME_2G,-82,S80,-82
TP4,64,TPV,-59,eduroam,-62,wifi-zone-ufam-1,-62,dlink-9A00,-63,CETELI_TREINAMENTOS,-65,CETELI_WIFI,-65,VISITANTE_CETELI,-66,CETELI_P&D,-66,lpmc_ft,-90,LAB_IND-4.0,-90
TP4,65,TPV,-61,eduroam,-64,wifi-zone-ufam-1,-64,CETELI_TREINAMENTOS,-64,CETELI_P&D,-64,VISITANTE_CETELI,-65,dlink-9A00,-66,CETELI_WIFI,-66,S80,-83,lpmc_ft,-87
TP4,66,TPV,-60,eduroam,-63,wifi-zone-ufam-1,-64,dlink-9A00,-65,CETELI_WIFI,-68,VISITANTE_CETELI,-69,CETELI_TREINAMENTOS,-69,CETELI_P&D,-69,S80,-81,EEGI_ADM,-90
TP4,67,TPV,-59,eduroam,-61,wifi-zone-ufam-1,-61,dlink-9A00,-67,CETELI_WIFI,-68,CETELI_TREINAMENTOS,-68,CETELI_P&D,-68,VISITANTE_CETELI,-68,S80,-81,lpmc_ft,-85
TP4,68,TPV,-58,eduroam,-64,wifi-zone-ufam-1,-64,dlink-9A00,-65,CETELI_WIFI,-70,VISITANTE_CETELI,-71,CETELI_TREINAMENTOS,-71,CETELI_P&D,-71,S80,-82,IoT-zone-ufam,-87
TP4,69,TPV,-60,eduroam,-66,wifi-zone-ufam-1,-66,VISITANTE_CETELI,-66,CETELI_P&D,-67,CETELI_TREINAMENTOS,-67,CETELI_WIFI,-68,dlink-9A00,-69,S80,-85,BRITO_AP,-90
TP4,70,TPV,-60,eduroam,-66,wifi-zone-ufam-1,-66,dlink-9A00,-68,CETELI_WIFI,-68,VISITANTE_CETELI,-68,CETELI_TREINAMENTOS,-68,CETELI_P&D,-68,S80,-83,lpmc_ft,-86
TP4,71,TPV,-60,eduroam,-62,wifi-zone-ufam-1,-62,CETELI_WIFI,-70,VISITANTE_CETELI,-70,CETELI_TREINAMENTOS,-70,CETELI_P&D,-70,LAB_LME_2G,-85,S80,-85,BRITO_AP,-87
TP4,72,eduroam,-61,wifi-zone-ufam-1,-61,TPV,-63,CETELI_P&D,-66,VISITANTE_CETELI,-67,CETELI_TREINAMENTOS,-67,CETELI_WIFI,-68,dlink-9A00,-71,S80,-83,BRITO_AP,-89
TP4,73,TPV,-59,eduroam,-63,wifi-zone-ufam-1,-63,dlink-9A00,-66,CETELI_TREINAMENTOS,-67,CETELI_WIFI,-68,VISITANTE_CETELI,-68,CETELI_P&D,-68,S80,-87,lpmc_ft,-89
TP4,74,TPV,-63,eduroam,-63,wifi-zone-ufam-1,-63,CETELI_TREINAMENTOS,-70,CETELI_P&D,-70,CETELI_WIFI,-71,VISITANTE_CETELI,-71,dlink-9A00,-73,S80,-85,BRITO_AP,-88
TP4,75,TPV,-60,eduroam,-63,wifi-zone-ufam-1,-63,dlink-9A00,-67,VISITANTE_CETELI,-73,CETELI_P&D,-73,CETELI_WIFI,-74,CETELI_TREINAMENTOS,-74,S80,-84,LAB_LME_2G,-90
TP4,76,TPV,-61,wifi-zone-ufam-1,-63,VISITANTE_CETELI,-63,eduroam,-64,CETELI_WIFI,-65,CETELI_TREINAMENTOS,-65,CETELI_P&D,-66,dlink-9A00,-72,S80,-81,IoT-zone-ufam,-90
TP4,77,eduroam,-60,wifi-zone-ufam-1,-60,TPV,-61,CETELI_WIFI,-63,VISITANTE_CETELI,-64,CETELI_TREINAMENTOS,-64,CETELI_P&D,-64,dlink-9A00,-72,lpmc_ft,-86,EEGI_ADM,-92
TP4,78,eduroam,-63,wifi-zone-ufam-1,-63,TPV,-64,CETELI_TREINAMENTOS,-64,CETELI_P&D,-65,CETELI_WIFI,-65,VISITANTE_CETELI,-65,IoT-zone-ufam,-89,,,,,
TP4,79,CETELI_TREINAMENTOS,-58,CETELI_WIFI,-59,VISITANTE_CETELI,-59,CETELI_P&D,-60,TPV,-62,eduroam,-65,wifi-zone-ufam-1,-65,S80,-83,lpmc_ft,-84,IoT-zone-ufam,-88
TP4,80,TPV,-60,CETELI_WIFI,-63,VISITANTE_CETELI,-63,eduroam,-64,CETELI_P&D,-64,wifi-zone-ufam-1,-65,CETELI_TREINAMENTOS,-65,dlink-9A00,-66,lpmc_ft,-88,EEGI_ADM,-90
TP4,81,TPV,-58,dlink-9A00,-66,CETELI_WIFI,-73,VISITANTE_CETELI,-73,CETELI_TREINAMENTOS,-74,CETELI_P&D,-74,wifi-zone-ufam-1,-85,S80,-85,lpmc_ft,-86,eduroam,-87
TP4,82,TPV,-62,CETELI_WIFI,-66,VISITANTE_CETELI,-66,CETELI_TREINAMENTOS,-66,CETELI_P&D,-66,eduroam,-67,wifi-zone-ufam-1,-67,dlink-9A00,-67,S80,-82,lpmc_ft,-86
TP4,83,TPV,-60,eduroam,-64,wifi-zone-ufam-1,-64,dlink-9A00,-65,VISITANTE_CETELI,-66,CETELI_TREINAMENTOS,-67,CETELI_WIFI,-67,CETELI_P&D,-67,S80,-81,lpmc_ft,-88
TP4,84,TPV,-60,eduroam,-62,wifi-zone-ufam-1,-62,dlink-9A00,-65,VISITANTE_CETELI,-65,CETELI_WIFI,-66,CETELI_TREINAMENTOS,-67,CETELI_P&D,-68,lpmc_ft,-88,IoT-zone-ufam,-90
TP4,85,TPV,-59,eduroam,-63,wifi-zone-ufam-1,-63,CETELI_WIFI,-64,VISITANTE_CETELI,-64,CETELI_P&D,-64,dlink-9A00,-65,CETELI_TREINAMENTOS,-65,LAB_LME_2G,-84,lpmc_ft,-88
TP4,86,TPV,-60,dlink-9A00,-60,VISITANTE_CETELI,-62,CETELI_TREINAMENTOS,-62,CETELI_WIFI,-62,CETELI_P&D,-62,eduroam,-63,wifi-zone-ufam-1,-63,lpmc_ft,-86,IoT-zone-ufam,-89
TP4,87,TPV,-60,eduroam,-63,wifi-zone-ufam-1,-63,CETELI_WIFI,-63,VISITANTE_CETELI,-63,CETELI_P&D,-63,dlink-9A00,-64,CETELI_TREINAMENTOS,-65,IoT-zone-ufam,-89,EEGI_ADM,-90
TP4,88,TPV,-59,eduroam,-63,wifi-zone-ufam-1,-63,dlink-9A00,-64,VISITANTE_CETELI,-64,CETELI_TREINAMENTOS,-65,CETELI_WIFI,-65,CETELI_P&D,-65,lpmc_ft,-87,BRITO_AP,-90
TP4,89,TPV,-59,eduroam,-63,wifi-zone-ufam-1,-63,CETELI_WIFI,-64,VISITANTE_CETELI,-64,CETELI_TREINAMENTOS,-64,CETELI_P&D,-64,dlink-9A00,-65,S80,-82,lpmc_ft,-86
TP4,90,TPV,-59,eduroam,-64,wifi-zone-ufam-1,-64,dlink-9A00,-66,CETELI_WIFI,-67,VISITANTE_CETELI,-67,CETELI_TREINAMENTOS,-67,CETELI_P&D,-67,lpmc_ft,-88,LAB_LME_2G,-89
TP4,91,TPV,-60,eduroam,-64,wifi-zone-ufam-1,-64,CETELI_WIFI,-64,VISITANTE_CETELI,-64,CETELI_TREINAMENTOS,-64,CETELI_P&D,-64,BRITO_AP,-89,IoT-zone-ufam,-89,lpmc_ft,-90
TP4,92,CETELI_WIFI,-60,VISITANTE_CETELI,-61,CETELI_P&D,-61,eduroam,-63,wifi-zone-ufam-1,-63,CETELI_TREINAMENTOS,-64,TPV,-66,dlink-9A00,-70,lpmc_ft,-86,BRITO_AP,-90
TP4,93,CETELI_WIFI,-59,CETELI_TREINAMENTOS,-59,VISITANTE_CETELI,-60,CETELI_P&D,-60,TPV,-62,eduroam,-64,wifi-zone-ufam-1,-64,dlink-9A00,-70,lpmc_ft,-91,BRITO_AP,-93
TP4,94,TPV,-61,wifi-zone-ufam-1,-62,CETELI_P&D,-62,eduroam,-63,CETELI_WIFI,-63,CETELI_TREINAMENTOS,-63,VISITANTE_CETELI,-64,dlink-9A00,-71,S80,-82,IoT-zone-ufam,-86
TP4,95,TPV,-61,eduroam,-63,wifi-zone-ufam-1,-63,CETELI_WIFI,-63,CETELI_P&D,-63,VISITANTE_CETELI,-64,CETELI_TREINAMENTOS,-64,dlink-9A00,-68,S80,-83,BRITO_AP,-90
TP4,96,TPV,-61,CETELI_WIFI,-62,VISITANTE_CETELI,-62,CETELI_TREINAMENTOS,-62,CETELI_P&D,-62,eduroam,-63,wifi-zone-ufam-1,-63,dlink-9A00,-69,S80,-83,lpmc_ft,-87
TP4,97,TPV,-60,eduroam,-64,wifi-zone-ufam-1,-64,VISITANTE_CETELI,-64,CETELI_TREINAMENTOS,-64,CETELI_WIFI,-64,CETELI_P&D,-65,S80,-82,IoT-zone-ufam,-88,lpmc_ft,-92
TP4,98,TPV,-59,wifi-zone-ufam-1,-63,eduroam,-64,CETELI_WIFI,-64,VISITANTE_CETELI,-65,CETELI_TREINAMENTOS,-65,dlink-9A00,-66,CETELI_P&D,-66,S80,-85,SISREI,-86
TP4,99,TPV,-60,dlink-9A00,-60,CETELI_P&D,-61,VISITANTE_CETELI,-62,CETELI_TREINAMENTOS,-62,CETELI_WIFI,-63,eduroam,-67,wifi-zone-ufam-1,-67,S80,-85,lpmc_ft,-86
TP4,100,CETELI_P&D,-58,CETELI_WIFI,-58,VISITANTE_CETELI,-58,CETELI_TREINAMENTOS,-58,TPV,-62,eduroam,-63,wifi-zone-ufam-1,-63,dlink-9A00,-66,LAB_LME_2G,-85,SISREI,-85
TP4,101,CETELI_WIFI,-60,VISITANTE_CETELI,-60,CETELI_P&D,-60,TPV,-61,CETELI_TREINAMENTOS,-61,eduroam,-63,wifi-zone-ufam-1,-63,dlink-9A00,-66,S80,-83,lpmc_ft,-87
TP4,102,CETELI_WIFI,-57,VISITANTE_CETELI,-58,CETELI_TREINAMENTOS,-58,CETELI_P&D,-58,TPV,-60,eduroam,-62,wifi-zone-ufam-1,-62,dlink-9A00,-68,S80,-83,lpmc_ft,-89
TP4,103,CETELI_WIFI,-61,VISITANTE_CETELI,-61,CETELI_P&D,-61,CETELI_TREINAMENTOS,-62,eduroam,-64,wifi-zone-ufam-1,-64,dlink-9A00,-64,TPV,-65,IoT-zone-ufam,-90,EEGI_ADM,-92
TP4,104,CETELI_TREINAMENTOS,-60,CETELI_P&D,-60,CETELI_WIFI,-62,VISITANTE_CETELI,-62,eduroam,-63,wifi-zone-ufam-1,-63,TPV,-64,dlink-9A00,-68,S80,-84,lpmc_ft,-88
TP4,105,CETELI_WIFI,-54,CETELI_TREINAMENTOS,-55,CETELI_P&D,-55,VISITANTE_CETELI,-57,eduroam,-61,wifi-zone-ufam-1,-61,TPV,-63,dlink-9A00,-63,S80,-83,lpmc_ft,-88
TP4,106,VISITANTE_CETELI,-58,CETELI_P&D,-58,CETELI_WIFI,-59,CETELI_TREINAMENTOS,-59,eduroam,-62,wifi-zone-ufam-1,-62,TPV,-63,dlink-9A00,-69,IoT-zone-ufam,-87,lpmc_ft,-89
TP4,107,CETELI_WIFI,-55,CETELI_P&D,-55,VISITANTE_CETELI,-56,CETELI_TREINAMENTOS,-56,TPV,-60,eduroam,-63,wifi-zone-ufam-1,-63,dlink-9A00,-65,S80,-84,lpmc_ft,-89
TP4,108,TPV,-60,VISITANTE_CETELI,-62,CETELI_TREINAMENTOS,-62,CETELI_P&D,-62,dlink-9A00,-63,eduroam,-64,wifi-zone-ufam-1,-64,CETELI_WIFI,-64,S80,-83,lpmc_ft,-90
TP4,109,CETELI_P&D,-59,VISITANTE_CETELI,-61,CETELI_TREINAMENTOS,-61,TPV,-62,eduroam,-62,wifi-zone-ufam-1,-62,CETELI_WIFI,-62,dlink-9A00,-65,IoT-zone-ufam,-88,SISREI,-88
TP4,110,CETELI_WIFI,-61,CETELI_P&D,-61,TPV,-62,VISITANTE_CETELI,-62,CETELI_TREINAMENTOS,-62,dlink-9A00,-64,eduroam,-65,wifi-zone-ufam-1,-65,SISREI,-81,lpmc_ft,-89
TP4,111,TPV,-60,eduroam,-64,wifi-zone-ufam-1,-64,VISITANTE_CETELI,-65,CETELI_TREINAMENTOS,-65,CETELI_WIFI,-65,CETELI_P&D,-65,dlink-9A00,-67,SISREI,-83,lpmc_ft,-89
TP4,112,TPV,-59,CETELI_WIFI,-62,VISITANTE_CETELI,-62,CETELI_P&D,-62,eduroam,-63,wifi-zone-ufam-1,-63,CETELI_TREINAMENTOS,-63,dlink-9A00,-64,S80,-80,EEGI_ADM,-91
TP4,113,TPV,-60,CETELI_WIFI,-62,CETELI_P&D,-62,eduroam,-63,wifi-zone-ufam-1,-63,VISITANTE_CETELI,-63,CETELI_TREINAMENTOS,-64,lpmc_ft,-90,LAB_IND-4.0,-91,IoT-zone-ufam,-94
TP4,114,TPV,-60,VISITANTE_CETELI,-63,CETELI_TREINAMENTOS,-63,CETELI_WIFI,-63,CETELI_P&D,-63,eduroam,-64,wifi-zone-ufam-1,-64,dlink-9A00,-68,S80,-82,lpmc_ft,-88
TP4,115,eduroam,-63,wifi-zone-ufam-1,-63,CETELI_WIFI,-63,VISITANTE_CETELI,-63,CETELI_TREINAMENTOS,-63,CETELI_P&D,-63,dlink-9A00,-70,TPV,-72,S80,-81,SISREI,-87
TP4,116,TPV,-60,eduroam,-62,wifi-zone-ufam-1,-62,CETELI_TREINAMENTOS,-62,CETELI_P&D,-63,CETELI_WIFI,-64,VISITANTE_CETELI,-65,dlink-9A00,-67,S80,-82,lpmc_ft,-90
TP4,117,TPV,-61,eduroam,-62,wifi-zone-ufam-1,-62,CETELI_WIFI,-62,VISITANTE_CETELI,-62,CETELI_TREINAMENTOS,-63,CETELI_P&D,-63,dlink-9A00,-66,S80,-82,lpmc_ft,-88
TP4,118,TPV,-58,CETELI_TREINAMENTOS,-60,CETELI_WIFI,-61,VISITANTE_CETELI,-61,CETELI_P&D,-61,eduroam,-63,wifi-zone-ufam-1,-63,dlink-9A00,-70,S80,-80,lpmc_ft,-87
TP4,119,TPV,-61,CETELI_WIFI,-62,VISITANTE_CETELI,-63,CETELI_TREINAMENTOS,-63,CETELI_P&D,-63,eduroam,-64,wifi-zone-ufam-1,-64,BRITO_AP,-90,lpmc_ft,-91,IoT-zone-ufam,-91
TP4,120,CETELI_WIFI,-59,CETELI_TREINAMENTOS,-59,TPV,-60,VISITANTE_CETELI,-60,CETELI_P&D,-60,eduroam,-64,wifi-zone-ufam-1,-64,dlink-9A00,-70,S80,-84,lpmc_ft,-88
TP5,1,eduroam,-60,wifi-zone-ufam-1,-60,TPV,-64,CETELI_WIFI,-65,VISITANTE_CETELI,-66,CETELI_TREINAMENTOS,-67,CETELI_P&D,-67,dlink-9A00,-74,S80,-81,BRITO_AP,-84
TP5,2,eduroam,-58,wifi-zone-ufam-1,-58,TPV,-61,CETELI_WIFI,-68,VISITANTE_CETELI,-69,CETELI_TREINAMENTOS,-69,CETELI_P&D,-69,BRITO_AP,-82,EEGI_ADM,-86,IoT-zone-ufam,-86
TP5,3,eduroam,-59,wifi-zone-ufam-1,-59,TPV,-61,CETELI_P&D,-69,CETELI_WIFI,-70,CETELI_TREINAMENTOS,-70,VISITANTE_CETELI,-71,S80,-82,dlink-9A00,-84,BRITO_AP,-87
TP5,4,wifi-zone-ufam-1,-58,eduroam,-59,TPV,-60,CETELI_WIFI,-69,VISITANTE_CETELI,-69,CETELI_P&D,-69,CETELI_TREINAMENTOS,-70,dlink-9A00,-73,S80,-81,BRITO_AP,-82
TP5,5,eduroam,-58,wifi-zone-ufam-1,-58,TPV,-61,CETELI_WIFI,-69,CETELI_TREINAMENTOS,-69,CETELI_P&D,-69,VISITANTE_CETELI,-70,BRITO_AP,-84,EEGI_ADM,-85,lpmc_ft,-89
TP5,6,eduroam,-59,wifi-zone-ufam-1,-59,TPV,-60,CETELI_WIFI,-69,CETELI_TREINAMENTOS,-69,CETELI_P&D,-69,VISITANTE_CETELI,-70,S80,-81,BRITO_AP,-84,EEGI_ADM,-85
TP5,7,eduroam,-59,wifi-zone-ufam-1,-59,TPV,-60,VISITANTE_CETELI,-69,CETELI_WIFI,-70,CETELI_TREINAMENTOS,-70,CETELI_P&D,-70,S80,-81,BRITO_AP,-83,EEGI_ADM,-85
TP5,8,eduroam,-59,wifi-zone-ufam-1,-59,TPV,-61,CETELI_WIFI,-69,CETELI_TREINAMENTOS,-69,CETELI_P&D,-69,VISITANTE_CETELI,-70,BRITO_AP,-82,S80,-82,EEGI_ADM,-84
TP5,9,eduroam,-59,wifi-zone-ufam-1,-59,TPV,-60,CETELI_WIFI,-69,VISITANTE_CETELI,-69,CETELI_P&D,-69,CETELI_TREINAMENTOS,-71,BRITO_AP,-80,S80,-81,EEGI_ADM,-84
TP5,10,wifi-zone-ufam-1,-58,eduroam,-59,TPV,-60,CETELI_P&D,-67,CETELI_WIFI,-68,CETELI_TREINAMENTOS,-68,VISITANTE_CETELI,-70,S80,-82,BRITO_AP,-83,dlink-9A00,-84
TP5,11,eduroam,-59,wifi-zone-ufam-1,-59,TPV,-61,CETELI_WIFI,-69,VISITANTE_CETELI,-71,CETELI_P&D,-71,dlink-9A00,-73,CETELI_TREINAMENTOS,-73,S80,-81,BRITO_AP,-83
TP5,12,eduroam,-59,wifi-zone-ufam-1,-59,TPV,-61,CETELI_TREINAMENTOS,-66,CETELI_P&D,-66,CETELI_WIFI,-67,VISITANTE_CETELI,-68,BRITO_AP,-81,S80,-81,EEGI_ADM,-84
TP5,13,eduroam,-59,wifi-zone-ufam-1,-59,TPV,-60,CETELI_WIFI,-70,CETELI_TREINAMENTOS,-70,CETELI_P&D,-70,VISITANTE_CETELI,-71,dlink-9A00,-73,BRITO_AP,-81,S80,-81
TP5,14,eduroam,-59,wifi-zone-ufam-1,-59,TPV,-60,VISITANTE_CETELI,-69,CETELI_WIFI,-69,CETELI_TREINAMENTOS,-69,CETELI_P&D,-69,dlink-9A00,-73,BRITO_AP,-84,SISREI,-84
TP5,15,eduroam,-58,wifi-zone-ufam-1,-58,TPV,-61,CETELI_P&D,-72,dlink-9A00,-73,CETELI_TREINAMENTOS,-73,CETELI_WIFI,-73,VISITANTE_CETELI,-73,S80,-82,BRITO_AP,-83
TP5,16,eduroam,-58,wifi-zone-ufam-1,-58,TPV,-61,CETELI_TREINAMENTOS,-67,CETELI_WIFI,-68,VISITANTE_CETELI,-68,CETELI_P&D,-68,BRITO_AP,-83,dlink-9A00,-83,S80,-83
TP5,17,wifi-zone-ufam-1,-58,eduroam,-59,TPV,-62,VISITANTE_CETELI,-68,CETELI_TREINAMENTOS,-68,CETELI_WIFI,-69,CETELI_P&D,-69,dlink-9A00,-75,BRITO_AP,-83,EEGI_ADM,-85
TP5,18,wifi-zone-ufam-1,-59,eduroam,-60,TPV,-62,CETELI_TREINAMENTOS,-67,CETELI_WIFI,-68,VISITANTE_CETELI,-68,CETELI_P&D,-68,dlink-9A00,-76,S80,-82,BRITO_AP,-83
TP5,19,TPV,-57,eduroam,-58,wifi-zone-ufam-1,-58,CETELI_P&D,-66,VISITANTE_CETELI,-67,CETELI_WIFI,-67,CETELI_TREINAMENTOS,-68,BRITO_AP,-82,EEGI_ADM,-83,S80,-83
TP5,20,TPV,-56,eduroam,-58,wifi-zone-ufam-1,-58,CETELI_WIFI,-69,CETELI_TREINAMENTOS,-69,CETELI_P&D,-69,VISITANTE_CETELI,-70,EEGI_ADM,-84,BRITO_AP,-85,IoT-zone-ufam,-87
TP5,21,eduroam,-58,wifi-zone-ufam-1,-58,TPV,-60,VISITANTE_CETELI,-70,CETELI_TREINAMENTOS,-71,CETELI_WIFI,-71,CETELI_P&D,-71,EEGI_ADM,-83,BRITO_AP,-84,IoT-zone-ufam,-86
TP5,22,eduroam,-58,wifi-zone-ufam-1,-58,TPV,-61,dlink-9A00,-66,CETELI_WIFI,-68,CETELI_TREINAMENTOS,-68,CETELI_P&D,-68,VISITANTE_CETELI,-69,EEGI_ADM,-82,BRITO_AP,-84
TP5,23,wifi-zone-ufam-1,-58,eduroam,-59,TPV,-62,CETELI_P&D,-67,CETELI_WIFI,-68,VISITANTE_CETELI,-68,CETELI_TREINAMENTOS,-68,dlink-9A00,-82,S80,-82,EEGI_ADM,-83
TP5,24,eduroam,-58,wifi-zone-ufam-1,-58,TPV,-60,CETELI_P&D,-67,CETELI_WIFI,-68,VISITANTE_CETELI,-68,CETELI_TREINAMENTOS,-69,BRITO_AP,-83,S80,-85,EEGI_ADM,-86
TP5,25,TPV,-57,eduroam,-58,wifi-zone-ufam-1,-58,CETELI_WIFI,-69,CETELI_TREINAMENTOS,-69,CETELI_P&D,-70,VISITANTE_CETELI,-71,S80,-79,dlink-9A00,-80,EEGI_ADM,-84
TP5,26,TPV,-58,eduroam,-59,wifi-zone-ufam-1,-59,CETELI_P&D,-68,CETELI_WIFI,-70,VISITANTE_CETELI,-70,CETELI_TREINAMENTOS,-71,dlink-9A00,-79,EEGI_ADM,-84,lpmc_ft,-85
TP5,27,TPV,-56,eduroam,-61,wifi-zone-ufam-1,-61,CETELI_WIFI,-67,VISITANTE_CETELI,-67,CETELI_P&D,-67,CETELI_TREINAMENTOS,-68,dlink-9A00,-74,BRITO_AP,-82,EEGI_ADM,-85
TP5,28,TPV,-60,eduroam,-60,wifi-zone-ufam-1,-60,VISITANTE_CETELI,-70,CETELI_WIFI,-70,CETELI_TREINAMENTOS,-70,CETELI_P&D,-71,dlink-9A00,-80,EEGI_ADM,-82,IoT-zone-ufam,-86
TP5,29,TPV,-59,eduroam,-60,wifi-zone-ufam-1,-60,CETELI_TREINAMENTOS,-68,VISITANTE_CETELI,-69,CETELI_WIFI,-69,CETELI_P&D,-71,dlink-9A00,-75,S80,-80,BRITO_AP,-82
TP5,30,wifi-zone-ufam-1,-61,TPV,-62,eduroam,-62,CETELI_WIFI,-67,CETELI_TREINAMENTOS,-68,CETELI_P&D,-68,VISITANTE_CETELI,-69,S80,-78,lpmc_ft,-80,BRITO_AP,-84
TP5,31,TPV,-59,eduroam,-62,wifi-zone-ufam-1,-62,CETELI_WIFI,-68,VISITANTE_CETELI,-68,CETELI_TREINAMENTOS,-68,CETELI_P&D,-70,S80,-79,BRITO_AP,-84,dlink-9A00,-84
TP5,32,TPV,-57,wifi-zone-ufam-1,-60,eduroam,-61,CETELI_WIFI,-70,CETELI_TREINAMENTOS,-70,CETELI_P&D,-70,VISITANTE_CETELI,-71,lpmc_ft,-83,BRITO_AP,-84,dlink-9A00,-84
TP5,33,TPV,-58,eduroam,-59,wifi-zone-ufam-1,-59,CETELI_TREINAMENTOS,-68,CETELI_P&D,-68,CETELI_WIFI,-69,VISITANTE_CETELI,-69,S80,-80,dlink-9A00,-83,BRITO_AP,-84
TP5,34,eduroam,-60,wifi-zone-ufam-1,-60,TPV,-63,dlink-9A00,-69,VISITANTE_CETELI,-70,CETELI_TREINAMENTOS,-70,CETELI_P&D,-70,CETELI_WIFI,-71,S80,-80,BRITO_AP,-84
TP5,35,eduroam,-58,wifi-zone-ufam-1,-58,TPV,-59,VISITANTE_CETELI,-66,CETELI_WIFI,-67,CETELI_TREINAMENTOS,-69,CETELI_P&D,-70,S80,-79,BRITO_AP,-81,EEGI_ADM,-85
TP5,36,TPV,-57,eduroam,-60,wifi-zone-ufam-1,-60,CETELI_TREINAMENTOS,-70,CETELI_WIFI,-71,VISITANTE_CETELI,-71,CETELI_P&D,-71,S80,-80,BRITO_AP,-83,EEGI_ADM,-84
TP5,37,TPV,-60,eduroam,-60,wifi-zone-ufam-1,-60,CETELI_WIFI,-68,CETELI_TREINAMENTOS,-68,CETELI_P&D,-68,VISITANTE_CETELI,-68,S80,-81,EEGI_ADM,-84,lpmc_ft,-86
TP5,38,TPV,-58,eduroam,-60,wifi-zone-ufam-1,-60,CETELI_P&D,-68,CETELI_WIFI,-68,VISITANTE_CETELI,-69,CETELI_TREINAMENTOS,-69,BRITO_AP,-86,lpmc_ft,-89,LAB_IND-4.0,-89
TP5,39,TPV,-58,eduroam,-59,wifi-zone-ufam-1,-59,VISITANTE_CETELI,-68,CETELI_P&D,-68,CETELI_WIFI,-69,CETELI_TREINAMENTOS,-69,BRITO_AP,-83,EEGI_ADM,-84,lpmc_ft,-86
TP5,40,TPV,-59,eduroam,-60,wifi-zone-ufam-1,-60,VISITANTE_CETELI,-68,CETELI_TREINAMENTOS,-68,CETELI_P&D,-68,CETELI_WIFI,-69,dlink-9A00,-81,S80,-81,EEGI_ADM,-83
TP5,41,TPV,-58,eduroam,-59,wifi-zone-ufam-1,-59,CETELI_TREINAMENTOS,-67,CETELI_P&D,-67,VISITANTE_CETELI,-68,CETELI_WIFI,-68,dlink-9A00,-73,EEGI_ADM,-84,BRITO_AP,-84
TP5,42,TPV,-56,eduroam,-57,wifi-zone-ufam-1,-57,VISITANTE_CETELI,-70,CETELI_WIFI,-70,CETELI_TREINAMENTOS,-70,CETELI_P&D,-70,dlink-9A00,-80,BRITO_AP,-82,EEGI_ADM,-85
TP5,43,TPV,-57,eduroam,-59,wifi-zone-ufam-1,-59,CETELI_P&D,-66,CETELI_WIFI,-68,VISITANTE_CETELI,-68,CETELI_TREINAMENTOS,-68,dlink-9A00,-77,S80,-80,BRITO_AP,-81
TP5,44,TPV,-58,eduroam,-58,wifi-zone-ufam-1,-58,CETELI_TREINAMENTOS,-67,CETELI_WIFI,-70,VISITANTE_CETELI,-70,CETELI_P&D,-70,S80,-80,BRITO_AP,-83,lpmc_ft,-85
TP5,45,eduroam,-58,wifi-zone-ufam-1,-58,TPV,-60,CETELI_TREINAMENTOS,-67,CETELI_P&D,-68,VISITANTE_CETELI,-69,CETELI_WIFI,-69,dlink-9A00,-81,EEGI_ADM,-84,lpmc_ft,-85
TP5,46,eduroam,-57,wifi-zone-ufam-1,-57,TPV,-61,VISITANTE_CETELI,-68,CETELI_P&D,-68,CETELI_WIFI,-69,CETELI_TREINAMENTOS,-69,lpmc_ft,-81,BRITO_AP,-83,EEGI_ADM,-84
TP5,47,eduroam,-59,wifi-zone-ufam-1,-59,TPV,-62,VISITANTE_CETELI,-72,CETELI_TREINAMENTOS,-72,CETELI_WIFI,-72,CETELI_P&D,-72,EEGI_ADM,-85,BRITO_AP,-86,IoT-zone-ufam,-86
TP5,48,eduroam,-58,wifi-zone-ufam-1,-58,TPV,-61,CETELI_TREINAMENTOS,-68,CETELI_WIFI,-69,VISITANTE_CETELI,-69,CETELI_P&D,-70,dlink-9A00,-73,S80,-80,BRITO_AP,-84
TP5,49,wifi-zone-ufam-1,-57,eduroam,-58,TPV,-60,VISITANTE_CETELI,-70,CETELI_TREINAMENTOS,-70,CETELI_WIFI,-71,CETELI_P&D,-71,dlink-9A00,-72,S80,-81,EEGI_ADM,-83
TP5,50,eduroam,-59,wifi-zone-ufam-1,-59,TPV,-62,CETELI_P&D,-70,VISITANTE_CETELI,-71,CETELI_TREINAMENTOS,-71,CETELI_WIFI,-72,dlink-9A00,-78,S80,-82,BRITO_AP,-84
TP5,51,eduroam,-59,wifi-zone-ufam-1,-59,CETELI_WIFI,-71,CETELI_P&D,-71,VISITANTE_CETELI,-71,CETELI_TREINAMENTOS,-71,dlink-9A00,-80,S80,-81,EEGI_ADM,-82,BRITO_AP,-86
TP5,52,eduroam,-60,wifi-zone-ufam-1,-60,TPV,-63,CETELI_TREINAMENTOS,-71,CETELI_WIFI,-72,VISITANTE_CETELI,-72,CETELI_P&D,-74,EEGI_ADM,-81,BRITO_AP,-83,S80,-83
TP5,53,TPV,-60,eduroam,-61,wifi-zone-ufam-1,-61,VISITANTE_CETELI,-69,CETELI_WIFI,-69,CETELI_TREINAMENTOS,-69,CETELI_P&D,-69,dlink-9A00,-74,S80,-80,EEGI_ADM,-82
TP5,54,TPV,-58,eduroam,-63,wifi-zone-ufam-1,-63,CETELI_P&D,-69,VISITANTE_CETELI,-70,CETELI_WIFI,-70,CETELI_TREINAMENTOS,-70,S80,-79,BRITO_AP,-83,EEGI_ADM,-83
TP5,55,TPV,-57,eduroam,-62,wifi-zone-ufam-1,-62,VISITANTE_CETELI,-69,CETELI_P&D,-70,CETELI_TREINAMENTOS,-71,CETELI_WIFI,-72,S80,-81,dlink-9A00,-82,IoT-zone-ufam,-86
TP5,56,eduroam,-60,wifi-zone-ufam-1,-60,TPV,-63,VISITANTE_CETELI,-71,CETELI_WIFI,-71,CETELI_TREINAMENTOS,-71,CETELI_P&D,-71,S80,-81,BRITO_AP,-83,EEGI_ADM,-85
TP5,57,TPV,-57,wifi-zone-ufam-1,-59,eduroam,-60,VISITANTE_CETELI,-67,CETELI_WIFI,-67,CETELI_TREINAMENTOS,-67,CETELI_P&D,-67,S80,-77,lpmc_ft,-82,EEGI_ADM,-83
TP5,58,wifi-zone-ufam-1,-58,TPV,-59,eduroam,-59,CETELI_WIFI,-69,VISITANTE_CETELI,-69,CETELI_P&D,-69,CETELI_TREINAMENTOS,-71,dlink-9A00,-76,lpmc_ft,-82,EEGI_ADM,-86
TP5,59,TPV,-62,eduroam,-66,wifi-zone-ufam-1,-66,CETELI_WIFI,-68,CETELI_P&D,-68,VISITANTE_CETELI,-69,CETELI_TREINAMENTOS,-69,dlink-9A00,-75,S80,-79,EEGI_ADM,-81
TP5,60,eduroam,-60,wifi-zone-ufam-1,-60,TPV,-61,CETELI_WIFI,-67,VISITANTE_CETELI,-67,CETELI_TREINAMENTOS,-68,CETELI_P&D,-68,dlink-9A00,-77,S80,-80,BRITO_AP,-84
TP5,61,eduroam,-59,wifi-zone-ufam-1,-59,TPV,-61,CETELI_TREINAMENTOS,-65,CETELI_WIFI,-66,VISITANTE_CETELI,-66,CETELI_P&D,-66,EEGI_ADM,-83,BRITO_AP,-84,S80,-84
TP5,62,eduroam,-58,wifi-zone-ufam-1,-58,TPV,-60,CETELI_WIFI,-66,VISITANTE_CETELI,-67,CETELI_TREINAMENTOS,-67,CETELI_P&D,-67,BRITO_AP,-80,EEGI_ADM,-84,lpmc_ft,-86
TP5,63,eduroam,-58,wifi-zone-ufam-1,-58,TPV,-60,VISITANTE_CETELI,-70,CETELI_P&D,-70,CETELI_WIFI,-71,CETELI_TREINAMENTOS,-71,S80,-79,EEGI_ADM,-82,BRITO_AP,-83
TP5,64,TPV,-60,eduroam,-60,wifi-zone-ufam-1,-60,CETELI_WIFI,-68,CETELI_P&D,-69,VISITANTE_CETELI,-69,CETELI_TREINAMENTOS,-70,EEGI_ADM,-83,lpmc_ft,-83,BRITO_AP,-86
TP5,65,TPV,-57,eduroam,-61,wifi-zone-ufam-1,-61,VISITANTE_CETELI,-66,CETELI_WIFI,-66,CETELI_P&D,-66,CETELI_TREINAMENTOS,-67,S80,-78,dlink-9A00,-79,BRITO_AP,-83
TP5,66,eduroam,-59,wifi-zone-ufam-1,-59,TPV,-63,VISITANTE_CETELI,-69,CETELI_WIFI,-69,CETELI_TREINAMENTOS,-69,CETELI_P&D,-70,dlink-9A00,-76,S80,-79,lpmc_ft,-83
TP5,67,eduroam,-60,wifi-zone-ufam-1,-60,TPV,-64,CETELI_WIFI,-69,CETELI_P&D,-69,VISITANTE_CETELI,-70,CETELI_TREINAMENTOS,-70,S80,-78,EEGI_ADM,-85,lpmc_ft,-85
TP5,68,TPV,-59,eduroam,-59,wifi-zone-ufam-1,-59,CETELI_WIFI,-69,CETELI_P&D,-69,VISITANTE_CETELI,-70,CETELI_TREINAMENTOS,-70,S80,-80,BRITO_AP,-84,lpmc_ft,-84
TP5,69,wifi-zone-ufam-1,-58,eduroam,-59,TPV,-63,CETELI_WIFI,-72,VISITANTE_CETELI,-72,CETELI_TREINAMENTOS,-72,dlink-9A00,-73,CETELI_P&D,-74,S80,-81,EEGI_ADM,-82
TP5,70,eduroam,-60,wifi-zone-ufam-1,-60,TPV,-62,CETELI_WIFI,-68,VISITANTE_CETELI,-69,CETELI_TREINAMENTOS,-69,CETELI_P&D,-69,dlink-9A00,-75,BRITO_AP,-86,EEGI_ADM,-86
TP5,71,TPV,-58,eduroam,-60,wifi-zone-ufam-1,-60,CETELI_TREINAMENTOS,-68,CETELI_P&D,-68,CETELI_WIFI,-69,VISITANTE_CETELI,-69,dlink-9A00,-77,BRITO_AP,-82,lpmc_ft,-84
TP5,72,eduroam,-58,wifi-zone-ufam-1,-58,TPV,-60,CETELI_WIFI,-66,VISITANTE_CETELI,-66,CETELI_TREINAMENTOS,-66,CETELI_P&D,-66,dlink-9A00,-81,BRITO_AP,-83,lpmc_ft,-84
TP5,73,TPV,-60,eduroam,-62,wifi-zone-ufam-1,-62,CETELI_P&D,-69,CETELI_WIFI,-69,VISITANTE_CETELI,-69,CETELI_TREINAMENTOS,-70,dlink-9A00,-74,S80,-82,BRITO_AP,-83
TP5,74,eduroam,-61,wifi-zone-ufam-1,-62,TPV,-66,CETELI_WIFI,-67,VISITANTE_CETELI,-68,CETELI_TREINAMENTOS,-68,CETELI_P&D,-68,BRITO_AP,-82,lpmc_ft,-85,EEGI_ADM,-86
TP5,75,eduroam,-60,wifi-zone-ufam-1,-60,TPV,-62,CETELI_WIFI,-68,CETELI_P&D,-68,VISITANTE_CETELI,-69,CETELI_TREINAMENTOS,-69,S80,-82,BRITO_AP,-83,lpmc_ft,-85
TP5,76,TPV,-62,eduroam,-62,wifi-zone-ufam-1,-62,CETELI_P&D,-65,VISITANTE_CETELI,-66,CETELI_WIFI,-66,CETELI_TREINAMENTOS,-66,dlink-9A00,-76,S80,-82,EEGI_ADM,-83
TP5,77,wifi-zone-ufam-1,-60,eduroam,-60,TPV,-65,CETELI_TREINAMENTOS,-66,CETELI_WIFI,-67,CETELI_P&D,-67,VISITANTE_CETELI,-69,BRITO_AP,-80,dlink-9A00,-82,S80,-82
TP5,78,TPV,-59,eduroam,-61,wifi-zone-ufam-1,-61,CETELI_P&D,-68,VISITANTE_CETELI,-68,CETELI_WIFI,-68,CETELI_TREINAMENTOS,-68,S80,-80,EEGI_ADM,-83,lpmc_ft,-84
TP5,79,eduroam,-62,wifi-zone-ufam-1,-62,TPV,-63,VISITANTE_CETELI,-68,CETELI_TREINAMENTOS,-68,CETELI_P&D,-68,CETELI_WIFI,-69,dlink-9A00,-82,S80,-82,EEGI_ADM,-84
TP5,80,eduroam,-59,wifi-zone-ufam-1,-60,TPV,-65,VISITANTE_CETELI,-69,CETELI_WIFI,-69,CETELI_TREINAMENTOS,-69,CETELI_P&D,-69,S80,-82,BRITO_AP,-83,EEGI_ADM,-84
TP5,81,TPV,-57,eduroam,-58,wifi-zone-ufam-1,-58,CETELI_WIFI,-73,VISITANTE_CETELI,-74,CETELI_TREINAMENTOS,-74,CETELI_P&D,-74,dlink-9A00,-78,BRITO_AP,-81,S80,-81
TP5,82,eduroam,-58,wifi-zone-ufam-1,-58,TPV,-62,CETELI_P&D,-71,CETELI_WIFI,-73,VISITANTE_CETELI,-73,CETELI_TREINAMENTOS,-74,EEGI_ADM,-83,lpmc_ft,-83,S80,-83
TP5,83,eduroam,-57,wifi-zone-ufam-1,-57,TPV,-63,CETELI_WIFI,-71,VISITANTE_CETELI,-71,CETELI_TREINAMENTOS,-71,CETELI_P&D,-71,S80,-80,BRITO_AP,-83,EEGI_ADM,-84
TP5,84,eduroam,-58,wifi-zone-ufam-1,-58,TPV,-60,VISITANTE_CETELI,-69,CETELI_WIFI,-69,CETELI_P&D,-69,CETELI_TREINAMENTOS,-70,dlink-9A00,-71,BRITO_AP,-80,S80,-82
TP5,85,eduroam,-58,wifi-zone-ufam-1,-58,TPV,-60,CETELI_WIFI,-69,CETELI_P&D,-69,VISITANTE_CETELI,-70,CETELI_TREINAMENTOS,-70,dlink-9A00,-78,EEGI_ADM,-82,lpmc_ft,-82
TP5,86,eduroam,-60,wifi-zone-ufam-1,-60,TPV,-61,CETELI_TREINAMENTOS,-68,CETELI_P&D,-68,CETELI_WIFI,-69,VISITANTE_CETELI,-70,EEGI_ADM,-83,S80,-84,lpmc_ft,-85
TP5,87,TPV,-58,wifi-zone-ufam-1,-59,eduroam,-60,VISITANTE_CETELI,-67,CETELI_P&D,-67,CETELI_WIFI,-68,CETELI_TREINAMENTOS,-68,S80,-79,lpmc_ft,-82,EEGI_ADM,-84
TP5,88,TPV,-58,eduroam,-60,wifi-zone-ufam-1,-60,CETELI_WIFI,-66,VISITANTE_CETELI,-66,CETELI_TREINAMENTOS,-66,CETELI_P&D,-67,S80,-79,EEGI_ADM,-85,dlink-9A00,-85
TP5,89,TPV,-57,eduroam,-59,wifi-zone-ufam-1,-59,CETELI_TREINAMENTOS,-68,CETELI_P&D,-68,CETELI_WIFI,-70,VISITANTE_CETELI,-70,dlink-9A00,-72,BRITO_AP,-79,S80,-81
TP5,90,TPV,-61,eduroam,-61,wifi-zone-ufam-1,-61,CETELI_WIFI,-71,VISITANTE_CETELI,-71,CETELI_TREINAMENTOS,-71,CETELI_P&D,-72,EEGI_ADM,-82,BRITO_AP,-83,SISREI,-83
TP5,91,TPV,-58,eduroam,-62,wifi-zone-ufam-1,-63,VISITANTE_CETELI,-68,CETELI_TREINAMENTOS,-68,CETELI_P&D,-68,CETELI_WIFI,-69,dlink-9A00,-80,BRITO_AP,-81,lpmc_ft,-82
TP5,92,TPV,-58,eduroam,-60,wifi-zone-ufam-1,-60,CETELI_TREINAMENTOS,-66,CETELI_WIFI,-66,CETELI_P&D,-67,VISITANTE_CETELI,-67,S80,-82,EEGI_ADM,-84,BRITO_AP,-85
TP5,93,eduroam,-58,wifi-zone-ufam-1,-58,TPV,-60,CETELI_WIFI,-70,VISITANTE_CETELI,-71,CETELI_TREINAMENTOS,-71,CETELI_P&D,-71,BRITO_AP,-83,EEGI_ADM,-83,lpmc_ft,-85
TP5,94,eduroam,-57,wifi-zone-ufam-1,-58,TPV,-62,VISITANTE_CETELI,-68,CETELI_WIFI,-69,CETELI_TREINAMENTOS,-69,CETELI_P&D,-69,dlink-9A00,-81,BRITO_AP,-82,EEGI_ADM,-87
TP5,95,TPV,-60,wifi-zone-ufam-1,-60,eduroam,-61,CETELI_TREINAMENTOS,-71,CETELI_P&D,-71,VISITANTE_CETELI,-72,CETELI_WIFI,-72,LAB_LME_2G,-83,S80,-83,EEGI_ADM,-84
TP5,96,eduroam,-58,wifi-zone-ufam-1,-58,TPV,-60,CETELI_WIFI,-66,VISITANTE_CETELI,-66,CETELI_TREINAMENTOS,-66,CETELI_P&D,-66,dlink-9A00,-77,S80,-81,EEGI_ADM,-82
TP5,97,eduroam,-58,wifi-zone-ufam-1,-58,TPV,-64,VISITANTE_CETELI,-71,CETELI_P&D,-72,CETELI_WIFI,-73,CETELI_TREINAMENTOS,-74,S80,-82,BRITO_AP,-84,lpmc_ft,-86
TP5,98,eduroam,-57,wifi-zone-ufam-1,-57,TPV,-61,CETELI_WIFI,-71,VISITANTE_CETELI,-71,CETELI_TREINAMENTOS,-72,CETELI_P&D,-72,dlink-9A00,-79,S80,-83,BRITO_AP,-85
TP5,99,wifi-zone-ufam-1,-57,eduroam,-57,TPV,-61,CETELI_P&D,-72,VISITANTE_CETELI,-73,CETELI_WIFI,-73,CETELI_TREINAMENTOS,-73,S80,-82,EEGI_ADM,-83,lpmc_ft,-87
TP5,100,eduroam,-57,wifi-zone-ufam-1,-57,TPV,-65,VISITANTE_CETELI,-70,CETELI_TREINAMENTOS,-70,CETELI_P&D,-70,CETELI_WIFI,-71,S80,-81,dlink-9A00,-82,lpmc_ft,-84
TP5,101,eduroam,-59,wifi-zone-ufam-1,-59,TPV,-60,VISITANTE_CETELI,-72,CETELI_WIFI,-72,CETELI_TREINAMENTOS,-72,CETELI_P&D,-73,S80,-75,BRITO_AP,-84,EEGI_ADM,-85
TP5,102,eduroam,-59,wifi-zone-ufam-1,-59,TPV,-61,CETELI_WIFI,-66,VISITANTE_CETELI,-66,CETELI_TREINAMENTOS,-67,CETELI_P&D,-68,dlink-9A00,-76,lpmc_ft,-81,S80,-81
TP5,103,wifi-zone-ufam-1,-56,eduroam,-57,TPV,-60,VISITANTE_CETELI,-63,CETELI_WIFI,-63,CETELI_P&D,-63,CETELI_TREINAMENTOS,-64,S80,-83,EEGI_ADM,-86,BRITO_AP,-88
TP5,104,eduroam,-57,wifi-zone-ufam-1,-57,TPV,-59,VISITANTE_CETELI,-61,CETELI_WIFI,-61,CETELI_TREINAMENTOS,-61,CETELI_P&D,-61,dlink-9A00,-81,S80,-81,EEGI_ADM,-82
TP5,105,eduroam,-57,wifi-zone-ufam-1,-57,TPV,-60,CETELI_WIFI,-61,VISITANTE_CETELI,-62,CETELI_TREINAMENTOS,-63,CETELI_P&D,-63,dlink-9A00,-81,EEGI_ADM,-82,S80,-82
TP5,106,TPV,-59,eduroam,-59,wifi-zone-ufam-1,-59,CETELI_TREINAMENTOS,-72,CETELI_P&D,-72,CETELI_WIFI,-73,VISITANTE_CETELI,-73,S80,-82,EEGI_ADM,-83,lpmc_ft,-85
TP5,107,eduroam,-58,wifi-zone-ufam-1,-58,TPV,-61,CETELI_WIFI,-72,CETELI_TREINAMENTOS,-72,VISITANTE_CETELI,-73,CETELI_P&D,-73,S80,-81,EEGI_ADM,-83,BRITO_AP,-84
TP5,108,eduroam,-58,wifi-zone-ufam-1,-58,TPV,-66,CETELI_WIFI,-68,CETELI_TREINAMENTOS,-68,CETELI_P&D,-68,VISITANTE_CETELI,-69,dlink-9A00,-81,S80,-81,BRITO_AP,-84
TP5,109,TPV,-52,eduroam,-65,wifi-zone-ufam-1,-65,VISITANTE_CETELI,-68,CETELI_WIFI,-69,CETELI_P&D,-69,CETELI_TREINAMENTOS,-70,dlink-9A00,-75,S80,-81,BRITO_AP,-86
TP5,110,TPV,-59,eduroam,-63,wifi-zone-ufam-1,-63,CETELI_WIFI,-70,CETELI_P&D,-70,VISITANTE_CETELI,-71,CETELI_TREINAMENTOS,-71,dlink-9A00,-75,S80,-80,lpmc_ft,-85
TP5,111,TPV,-59,eduroam,-61,wifi-zone-ufam-1,-61,CETELI_WIFI,-65,VISITANTE_CETELI,-68,CETELI_P&D,-69,CETELI_TREINAMENTOS,-70,dlink-9A00,-82,S80,-82,EEGI_ADM,-87
TP5,112,TPV,-58,eduroam,-62,wifi-zone-ufam-1,-62,CETELI_TREINAMENTOS,-64,CETELI_WIFI,-66,CETELI_P&D,-66,VISITANTE_CETELI,-67,S80,-83,dlink-9A00,-86,lpmc_ft,-87
TP5,113,TPV,-56,eduroam,-61,wifi-zone-ufam-1,-61,CETELI_TREINAMENTOS,-64,CETELI_P&D,-64,CETELI_WIFI,-65,VISITANTE_CETELI,-65,dlink-9A00,-78,S80,-82,EEGI_ADM,-83
TP5,114,TPV,-57,eduroam,-60,wifi-zone-ufam-1,-60,VISITANTE_CETELI,-64,CETELI_WIFI,-64,CETELI_TREINAMENTOS,-64,CETELI_P&D,-64,dlink-9A00,-80,EEGI_ADM,-81,S80,-82
TP5,115,TPV,-57,eduroam,-60,wifi-zone-ufam-1,-60,VISITANTE_CETELI,-66,CETELI_TREINAMENTOS,-66,CETELI_P&D,-66,CETELI_WIFI,-67,S80,-80,EEGI_ADM,-85,dlink-EAD4,-88
TP5,116,TPV,-58,eduroam,-60,wifi-zone-ufam-1,-60,CETELI_TREINAMENTOS,-66,CETELI_WIFI,-67,VISITANTE_CETELI,-67,CETELI_P&D,-67,dlink-9A00,-73,S80,-81,EEGI_ADM,-83
TP5,117,TPV,-59,eduroam,-62,wifi-zone-ufam-1,-62,CETELI_WIFI,-65,CETELI_P&D,-65,VISITANTE_CETELI,-66,CETELI_TREINAMENTOS,-66,S80,-80,EEGI_ADM,-81,BRITO_AP,-91
TP5,118,TPV,-58,eduroam,-59,wifi-zone-ufam-1,-59,VISITANTE_CETELI,-66,CETELI_P&D,-66,CETELI_WIFI,-67,CETELI_TREINAMENTOS,-67,dlink-9A00,-76,EEGI_ADM,-81,S80,-81
TP5,119,TPV,-58,eduroam,-61,wifi-zone-ufam-1,-61,CETELI_WIFI,-66,VISITANTE_CETELI,-66,CETELI_TREINAMENTOS,-66,CETELI_P&D,-66,dlink-9A00,-72,S80,-81,EEGI_ADM,-88
TP5,120,TPV,-57,eduroam,-60,wifi-zone-ufam-1,-61,CETELI_WIFI,-64,VISITANTE_CETELI,-65,CETELI_TREINAMENTOS,-65,CETELI_P&D,-65,S80,-83,EEGI_ADM,-85,BRITO_AP,-88
